ticker,date,open,high,low,close,volume,adjustedClose
^BVSP,21/05/2020 10:00,81320,83309,81317,83027,11395200,83027
^BVSP,22/05/2020 10:00,83027,83027,81669,82173,9281200,82173
^BVSP,25/05/2020 10:00,82198,85876,82193,85663,8764400,85663
^BVSP,26/05/2020 10:00,85668,87333,85396,85469,12030800,85469
^BVSP,27/05/2020 10:00,85468,87946,85468,87946,11212000,87946
^BVSP,28/05/2020 10:00,87946,88091,86767,86949,10117000,86949
^BVSP,29/05/2020 10:00,86951,87410,85384,87403,16550900,87403
^BVSP,01/06/2020 10:00,87395,89019,86837,88620,9849400,88620
^BVSP,02/06/2020 10:00,88622,91046,88622,91046,11827300,91046
^BVSP,03/06/2020 10:00,91048,93710,91048,93002,15137900,93002
^BVSP,04/06/2020 10:00,92993,94132,92221,93829,11488000,93829
^BVSP,05/06/2020 10:00,93839,97356,93839,94637,13320300,94637
^BVSP,08/06/2020 10:00,94640,97693,94635,97645,11096500,97645
^BVSP,09/06/2020 10:00,97644,97644,95386,96747,11278800,96747
^BVSP,10/06/2020 10:00,96747,97646,94665,94686,11739600,94686
^BVSP,12/06/2020 10:00,94677,94703,90811,92795,12785600,92795
^BVSP,15/06/2020 10:00,92780,93112,90148,92376,13317500,92376
^BVSP,16/06/2020 10:00,92387,95216,92387,93531,12034200,93531
^BVSP,17/06/2020 10:00,93531,96611,93531,95547,11134700,95547
^BVSP,18/06/2020 10:00,95547,97110,94698,96125,10008500,96125
^BVSP,19/06/2020 10:00,96138,97540,95874,96572,13134400,96572
^BVSP,22/06/2020 10:00,96572,96870,94869,95336,8264700,95336
^BVSP,23/06/2020 10:00,95344,97486,95344,95975,9752700,95975
^BVSP,24/06/2020 10:00,95974,95974,93259,94377,9962700,94377
^BVSP,25/06/2020 10:00,94382,96260,94152,95983,8697900,95983
^BVSP,26/06/2020 10:00,95979,95979,93514,93834,8439100,93834
^BVSP,29/06/2020 10:00,93837,95735,93825,95735,8906800,95735
^BVSP,30/06/2020 10:00,95728,96257,94806,95056,10144500,95056
^BVSP,01/07/2020 10:00,95062,96852,95062,96203,10163300,96203
^BVSP,02/07/2020 10:00,96206,97864,96052,96235,10062900,96235
^BVSP,03/07/2020 10:00,96237,96765,95803,96765,5351600,96765
^BVSP,06/07/2020 10:00,96776,99257,96768,98937,9489400,98937
^BVSP,07/07/2020 10:00,98937,98938,97272,97761,8951400,97761
^BVSP,08/07/2020 10:00,97765,99973,97765,99770,9142700,99770
^BVSP,09/07/2020 10:00,99770,100191,98861,99160,0,99160
^BVSP,10/07/2020 10:00,99160,100101,98739,100032,9147200,100032
^BVSP,13/07/2020 10:00,100027,100858,98697,98697,10382300,98697
^BVSP,14/07/2020 10:00,98699,100632,98289,100440,10019400,100440
^BVSP,15/07/2020 10:00,100444,102114,100444,101791,9285600,101791
^BVSP,16/07/2020 10:00,101791,101792,100160,100553,8127100,100553
^BVSP,17/07/2020 10:00,100554,103017,100554,102888,10429400,102888
^BVSP,20/07/2020 10:00,102888,104439,102744,104426,8931800,104426
^BVSP,21/07/2020 10:00,104426,105449,103732,104310,11105800,104310
^BVSP,22/07/2020 10:00,104312,104980,103277,104290,10833700,104290
^BVSP,23/07/2020 10:00,104291,104949,102119,102293,10366600,102293
^BVSP,24/07/2020 10:00,102292,102694,100859,102382,9795200,102382
^BVSP,27/07/2020 10:00,102381,104585,102381,104477,9622400,104477
^BVSP,28/07/2020 10:00,104477,104663,103592,104109,9087100,104109
^BVSP,29/07/2020 10:00,104112,105704,104112,105605,9238300,105605
^BVSP,30/07/2020 10:00,105605,105607,103920,105009,9591700,105009
^BVSP,31/07/2020 10:00,105010,105462,102642,102912,12929300,102912
^BVSP,03/08/2020 10:00,102913,103863,102304,102830,10901000,102830
^BVSP,04/08/2020 10:00,102826,103012,100005,101216,12029800,101216
^BVSP,05/08/2020 10:00,101220,103763,101220,102802,10922100,102802
^BVSP,06/08/2020 10:00,102733,104523,102733,104126,9686600,104126
^BVSP,07/08/2020 10:00,104116,104126,101957,102776,10337100,102776
^BVSP,10/08/2020 10:00,102776,103722,101282,103444,8259500,103444
^BVSP,11/08/2020 10:00,103449,104409,102174,102174,9360900,102174
^BVSP,12/08/2020 10:00,102176,103116,100698,102118,10114200,102118
^BVSP,13/08/2020 10:00,102118,103237,100187,100461,10721300,100461
^BVSP,14/08/2020 10:00,100469,101717,100445,101353,8576300,101353
^BVSP,17/08/2020 10:00,101348,101689,98513,99595,10816200,99595
^BVSP,18/08/2020 10:00,99597,102247,99597,102065,9418700,102065
^BVSP,19/08/2020 10:00,102072,102334,100800,100854,10025800,100854
^BVSP,20/08/2020 10:00,100853,101749,99131,101468,9405000,101468
^BVSP,21/08/2020 10:00,101460,101566,100412,101521,9100200,101521
^BVSP,24/08/2020 10:00,101525,102515,101525,102298,7723000,102298
^BVSP,25/08/2020 10:00,102293,102708,101623,102118,8170900,102118
^BVSP,26/08/2020 10:00,102119,102521,99359,100627,9861200,100627
^BVSP,27/08/2020 10:00,100625,101548,99857,100624,7360600,100624
^BVSP,28/08/2020 10:00,100631,102347,100631,102143,7665700,102143
^BVSP,31/08/2020 10:00,102142,102142,99369,99369,12226100,99369
^BVSP,01/09/2020 10:00,99382,102238,99382,102168,9384700,102168
^BVSP,02/09/2020 10:00,102168,102824,100872,101911,7557900,101911
^BVSP,03/09/2020 10:00,101911,103226,99751,100721,12611000,100721
^BVSP,04/09/2020 10:00,100733,101582,98961,101242,11327400,101242
^BVSP,08/09/2020 10:00,101239,101239,99373,100050,8479000,100050
^BVSP,09/09/2020 10:00,100050,101578,100050,101292,7955600,101292
^BVSP,10/09/2020 10:00,101291,101536,98687,98835,8894600,98835
^BVSP,11/09/2020 10:00,98839,99435,97758,98363,9107900,98363
^BVSP,14/09/2020 10:00,98367,100520,98367,100275,8182100,100275
^BVSP,15/09/2020 10:00,100277,100949,99647,100298,9216700,100298
^BVSP,16/09/2020 10:00,100299,100663,99663,99676,7139400,99676
^BVSP,17/09/2020 10:00,99674,100251,98562,100098,0,100098
^BVSP,18/09/2020 10:00,100098,100102,98045,98290,11370300,98290
^BVSP,21/09/2020 10:00,98283,98283,95820,96991,9738000,96991
^BVSP,22/09/2020 10:00,96995,97684,96390,97294,7281300,97294
^BVSP,23/09/2020 10:00,97294,97389,95728,95735,8830700,95735
^BVSP,24/09/2020 10:00,95735,97955,95653,97012,9331000,97012
^BVSP,25/09/2020 10:00,97011,97012,95632,96999,7351100,96999
^BVSP,28/09/2020 10:00,97005,98314,94371,94666,10508900,94666
^BVSP,29/09/2020 10:00,94665,95505,93408,93580,8737200,93580
^BVSP,30/09/2020 10:00,93586,95340,93584,94603,9454300,94603
^BVSP,01/10/2020 10:00,94604,95486,93599,95479,9243500,95479
^BVSP,02/10/2020 10:00,95475,95996,93897,94016,8584900,94016
^BVSP,05/10/2020 10:00,94019,96414,93984,96089,8616000,96089
^BVSP,06/10/2020 10:00,96091,97405,95211,95615,11299600,95615
^BVSP,07/10/2020 10:00,95616,96380,94881,95526,9829900,95526
^BVSP,08/10/2020 10:00,95530,97938,95530,97920,11163600,97920
^BVSP,09/10/2020 10:00,97924,98642,97161,97483,10810500,97483
^BVSP,13/10/2020 10:00,97483,98998,97336,98503,7867500,98503
^BVSP,14/10/2020 10:00,98502,99571,98501,99334,8891000,99334
^BVSP,15/10/2020 10:00,99328,99486,97778,99054,8335200,99054
^BVSP,16/10/2020 10:00,99054,99172,98309,98309,7840200,98309
^BVSP,19/10/2020 10:00,98310,99917,98310,98658,9929400,98658
^BVSP,20/10/2020 10:00,98664,100722,98664,100540,8796000,100540
^BVSP,21/10/2020 10:00,100541,101586,100149,100552,8661100,100552
^BVSP,22/10/2020 10:00,100553,102020,100457,101918,9556900,101918
^BVSP,23/10/2020 10:00,101918,102218,101188,101260,7561100,101260
^BVSP,26/10/2020 10:00,101260,101784,99762,101017,8070400,101017
^BVSP,27/10/2020 10:00,101017,101660,99414,99606,8672300,99606
^BVSP,28/10/2020 10:00,99598,99598,95369,95369,11051600,95369
^BVSP,29/10/2020 10:00,95368,96688,93387,96582,12704400,96582
^BVSP,30/10/2020 10:00,96579,96579,93559,93952,10643200,93952
^BVSP,03/11/2020 10:00,93968,96250,93968,95587,10191800,95587
^BVSP,04/11/2020 10:00,95992,98296,95987,97811,10704600,97811
^BVSP,05/11/2020 10:00,97873,100922,97872,100774,10455300,100774
^BVSP,06/11/2020 10:00,100751,100928,99837,100799,8382800,100799
^BVSP,09/11/2020 10:00,100954,105147,100954,103913,17410500,103913
^BVSP,10/11/2020 10:00,103516,105758,103453,105351,16665200,105351
^BVSP,11/11/2020 10:00,105067,105462,104143,104532,10841000,104532
^BVSP,12/11/2020 10:00,104810,105019,102034,102175,10860300,102175
^BVSP,13/11/2020 10:00,102509,104707,102509,104512,9772100,104512
^BVSP,16/11/2020 10:00,104729,106518,104729,106430,11724300,106430
^BVSP,17/11/2020 10:00,106430,107810,105847,107229,10311000,107229
^BVSP,18/11/2020 10:00,107246,107467,106217,106483,10337300,106483
^BVSP,19/11/2020 10:00,106117,106973,105545,106517,8555700,106517
^BVSP,23/11/2020 10:00,106050,107495,106050,107379,9686000,107379
^BVSP,24/11/2020 10:00,107378,109956,107361,109786,11934800,109786
^BVSP,25/11/2020 10:00,109786,110596,109315,110133,8564700,110133
^BVSP,26/11/2020 10:00,110133,110245,109418,110227,6166800,110227
^BVSP,27/11/2020 10:00,110229,111603,110161,110575,8790300,110575
^BVSP,30/11/2020 10:00,110598,110934,108829,108888,19300000,108888
^BVSP,01/12/2020 10:00,108897,111840,108897,111335,11324800,111335
^BVSP,02/12/2020 10:00,111402,112315,110579,111814,9814300,111814
^BVSP,03/12/2020 10:00,111874,113377,111874,112919,11474200,112919
^BVSP,04/12/2020 10:00,112294,113864,112294,113682,8892900,113682
^BVSP,07/12/2020 10:00,113751,114531,112629,113625,9633900,113625
^BVSP,08/12/2020 10:00,113590,114381,112820,113571,8810900,113571
^BVSP,09/12/2020 10:00,113799,114020,112567,112722,8431100,112722
^BVSP,10/12/2020 10:00,113002,115262,112732,114992,11803600,114992
^BVSP,11/12/2020 10:00,115128,115527,113949,115323,8372300,115323
^BVSP,14/12/2020 10:00,115137,115740,114431,114975,8190900,114975
^BVSP,15/12/2020 10:00,114613,116390,114613,116146,8195100,116146
^BVSP,16/12/2020 10:00,116149,118178,115496,117947,9808100,117947
^BVSP,17/12/2020 10:00,117864,119027,117856,118157,7701400,118157
^BVSP,18/12/2020 10:00,118395,119370,117639,117679,8636000,117679
^BVSP,21/12/2020 10:00,118021,118021,114730,116016,10347100,116016
^BVSP,22/12/2020 10:00,115825,116903,115648,116348,6947900,116348
^BVSP,23/12/2020 10:00,116636,118311,116636,117857,6483300,117857
^BVSP,28/12/2020 10:00,117806,119213,117805,119051,7171700,119051
^BVSP,29/12/2020 10:00,119130,119861,118750,119475,6769700,119475
^BVSP,30/12/2020 10:00,119410,120150,118919,119306,8235700,119306
^BVSP,04/01/2021 10:00,119024,120354,118062,118558,8741400,118558
^BVSP,05/01/2021 10:00,118835,119790,116756,119223,9257100,119223
^BVSP,06/01/2021 10:00,119377,120924,118917,119851,11638200,119851
^BVSP,07/01/2021 10:00,119103,121983,119101,121956,11774800,121956
^BVSP,08/01/2021 10:00,122387,125324,122386,125077,11085800,125077
^BVSP,11/01/2021 10:00,125075,125075,122506,122807,9537600,122807
^BVSP,12/01/2021 19:05,123255,124584,123227,123998,8949000,123998
^BVSP,13/01/2021 10:00,123996,124032,121016,122040,10291500,122040
^BVSP,14/01/2021 10:00,121947,123896,121947,123481,8974400,123481
^BVSP,15/01/2021 10:00,123472,123472,120374,120502,9387600,120502
^BVSP,18/01/2021 10:00,120351,122586,120351,121242,7223100,121242
^BVSP,19/01/2021 10:00,121250,122120,119257,120673,7886000,120673
^BVSP,20/01/2021 10:00,120645,121449,118740,119708,7947300,119708
^BVSP,21/01/2021 10:00,119628,120243,117785,118443,8573900,118443
^BVSP,22/01/2021 10:00,118318,118318,116109,117172,9373100,117172
^BVSP,26/01/2021 10:00,117381,119167,116109,116464,10681400,116464
^BVSP,27/01/2021 10:00,116463,117840,114887,115882,12380400,115882
^BVSP,28/01/2021 10:00,115882,119314,115734,119314,12065900,119314
^BVSP,29/01/2021 10:00,118880,118880,115299,116007,10965200,116007
^BVSP,01/02/2021 10:00,115093,117862,115093,117365,8716500,117365
^BVSP,02/02/2021 10:00,117520,119805,117519,118234,11625900,118234
^BVSP,03/02/2021 10:00,118235,120210,118234,119725,8704300,119725
^BVSP,04/02/2021 10:00,119728,120560,118918,119261,8100700,119261
^BVSP,05/02/2021 10:00,119261,121117,119261,119925,8208400,119925
^BVSP,08/02/2021 10:00,120239,120844,119140,119516,8619100,119516
^BVSP,09/02/2021 10:00,119696,119975,118246,119429,7913500,119429
^BVSP,10/02/2021 10:00,119472,119738,117970,118430,8644600,118430
^BVSP,11/02/2021 10:00,118440,120283,118440,119235,7567400,119235
^BVSP,12/02/2021 19:05,119300,119763,118163,119116,7655900,119116
^BVSP,17/02/2021 13:00,119421,120573,118880,120391,8326100,120391
^BVSP,18/02/2021 10:00,120361,120845,118515,119140,10720600,119140
^BVSP,19/02/2021 10:00,119199,119250,117867,118748,10402800,118748
^BVSP,22/02/2021 10:00,118388,118388,111650,112668,21768700,112668
^BVSP,23/02/2021 10:00,112676,115380,112667,115227,15174900,115227
^BVSP,24/02/2021 10:00,115229,116208,114668,115668,11399300,115668
^BVSP,25/02/2021 10:00,115668,116506,111764,112256,12466500,112256
^BVSP,26/02/2021 10:00,112260,113466,109827,110035,14618500,110035
^BVSP,01/03/2021 10:00,110036,112445,110036,110335,11239900,110335
^BVSP,02/03/2021 10:00,110328,112428,107319,111540,14823200,111540
^BVSP,03/03/2021 10:00,111529,112398,107466,111184,15144300,111184
^BVSP,04/03/2021 10:00,111191,114433,111163,112690,14221600,112690
^BVSP,05/03/2021 10:00,112690,115504,112504,115202,13254800,115202
^BVSP,08/03/2021 10:00,115202,115202,110268,110612,0,110612
^BVSP,09/03/2021 10:00,110611,112525,109343,111331,12135300,111331
^BVSP,10/03/2021 10:00,111331,112928,109999,112776,12511800,112776
^BVSP,11/03/2021 10:00,112782,115127,112776,114984,12092100,114984
^BVSP,12/03/2021 19:05,114984,114984,113253,114160,8110700,114160
^BVSP,15/03/2021 10:00,114093,114903,113635,114851,8224700,114851
^BVSP,16/03/2021 10:00,114845,114974,113370,114019,78000,114019
^BVSP,17/03/2021 10:00,114018,116736,113428,116549,94300,116549
^BVSP,18/03/2021 10:00,116549,116751,114302,114835,9920100,114835
^BVSP,19/03/2021 10:00,114837,116446,114610,116222,12341800,116222
^BVSP,22/03/2021 10:00,116222,116225,113620,114979,8160600,114979
^BVSP,23/03/2021 10:00,114977,115599,113062,113262,8301500,113262
^BVSP,24/03/2021 10:00,113272,114823,112064,112064,9834000,112064
^BVSP,25/03/2021 10:00,112065,114024,110927,113750,10306500,113750
^BVSP,26/03/2021 10:00,113750,115416,113305,114781,8659500,114781
^BVSP,29/03/2021 10:00,114776,115553,114096,115419,7463300,115419
^BVSP,30/03/2021 10:00,115414,117090,114999,116850,8141600,116850
^BVSP,31/03/2021 10:00,116850,117249,115932,116634,10659200,116634
^BVSP,01/04/2021 10:00,116644,117088,114991,115253,8009200,115253
^BVSP,05/04/2021 10:00,115262,117668,115262,117518,7245100,117518
^BVSP,06/04/2021 10:00,117519,118213,117176,117499,6800800,117499
^BVSP,07/04/2021 10:00,117499,118303,116748,117624,0,117624
^BVSP,08/04/2021 10:00,117624,118850,117486,118313,8778200,118313
^BVSP,09/04/2021 10:00,118313,118643,117336,117670,7739400,117670
^BVSP,12/04/2021 19:05,117661,118812,117661,118812,7000500,118812
^BVSP,13/04/2021 10:00,118809,119529,118041,119297,8977600,119297
^BVSP,14/04/2021 10:00,119298,120871,119298,120295,10076600,120295
^BVSP,15/04/2021 10:00,120290,121409,120084,120701,7948100,120701
^BVSP,16/04/2021 10:00,120701,121333,120199,121114,7945600,121114
^BVSP,19/04/2021 10:00,121116,121974,120682,120934,10028100,120934
^BVSP,20/04/2021 10:00,120925,121354,119841,120062,7811500,120062
^BVSP,22/04/2021 10:00,120064,120995,119203,119371,8598600,119371
^BVSP,23/04/2021 10:00,119372,120815,119372,120530,7615500,120530
^BVSP,26/04/2021 10:00,120534,121393,119860,120595,7095300,120595
^BVSP,27/04/2021 10:00,120595,121012,119003,119388,8362300,119388
^BVSP,28/04/2021 10:00,119392,121276,119392,121053,9081500,121053
^BVSP,29/04/2021 10:00,121053,121498,119703,120066,8500200,120066
^BVSP,30/04/2021 10:00,120064,120125,118894,118894,11093200,118894
^BVSP,03/05/2021 10:00,118951,119904,118528,119209,8888300,119209
^BVSP,04/05/2021 10:00,119209,119293,117631,117712,8765500,117712
^BVSP,05/05/2021 10:00,117725,119734,117725,119564,9059100,119564
^BVSP,06/05/2021 10:00,119577,119966,119071,119921,8779600,119921
^BVSP,07/05/2021 10:00,119922,122038,119922,122038,8865100,122038
^BVSP,10/05/2021 10:00,122038,122772,121795,121909,8219100,121909
^BVSP,11/05/2021 10:00,121904,122964,120145,122964,7988600,122964
^BVSP,12/05/2021 19:05,122964,122964,119458,119710,9405200,119710
^BVSP,13/05/2021 10:00,119711,121426,119711,120706,9356200,120706
^BVSP,14/05/2021 10:00,120719,122195,120719,121881,10136300,121881
^BVSP,17/05/2021 10:00,121880,123074,121680,122938,7408100,122938
^BVSP,18/05/2021 10:00,122937,123544,122550,122980,7840100,122980
^BVSP,19/05/2021 10:00,122976,123013,121595,122636,8825300,122636
^BVSP,20/05/2021 10:00,122636,122734,122136,122701,7906400,122701
^BVSP,21/05/2021 10:00,122701,122799,121760,122592,9493600,122592
^BVSP,24/05/2021 10:00,122592,124167,122526,124032,8186300,124032
^BVSP,25/05/2021 10:00,124032,124696,122701,122988,8914500,122988
^BVSP,26/05/2021 10:00,122988,124256,122988,123989,8258400,123989
^BVSP,27/05/2021 10:00,123989,124537,123470,124367,0,124367
^BVSP,28/05/2021 10:00,124367,125698,124284,125561,8838500,125561
^BVSP,31/05/2021 10:00,125561,126216,125540,126216,5946500,126216
^BVSP,01/06/2021 10:00,126218,128363,126218,128267,12496100,128267
^BVSP,02/06/2021 10:00,128268,129601,128167,129601,12781100,129601
^BVSP,04/06/2021 10:00,129600,130137,129148,130126,9814800,130126
^BVSP,07/06/2021 10:00,130125,131190,129498,130776,9655400,130776
^BVSP,08/06/2021 10:00,130776,130776,129230,129787,10346600,129787
^BVSP,09/06/2021 10:00,129800,130882,129281,129907,9833700,129907
^BVSP,10/06/2021 10:00,129911,130527,129526,130076,8537900,130076
^BVSP,11/06/2021 10:00,130076,130294,128678,129441,7748200,129441
^BVSP,14/06/2021 10:00,129441,131084,129441,130208,8155700,130208
^BVSP,15/06/2021 10:00,130208,130436,129304,130091,7211500,130091
^BVSP,16/06/2021 10:00,130091,130283,128345,129259,12879400,129259
^BVSP,17/06/2021 10:00,129259,129919,127576,128057,9664700,128057
^BVSP,18/06/2021 10:00,128050,128796,127595,128405,12432000,128405
^BVSP,21/06/2021 10:00,128405,129412,128048,129265,7333600,129265
^BVSP,22/06/2021 10:00,129242,129259,127803,128767,9328000,128767
^BVSP,23/06/2021 10:00,128769,129901,128182,128428,7988900,128428
^BVSP,24/06/2021 10:00,128433,129541,128428,129514,7237000,129514
^BVSP,25/06/2021 10:00,129513,129748,126697,127256,9363800,127256
^BVSP,28/06/2021 10:00,127255,128067,126629,127429,8155600,127429
^BVSP,29/06/2021 10:00,127429,127507,126184,127327,7777900,127327
^BVSP,30/06/2021 10:00,127323,127323,126199,126802,9098600,126802
^BVSP,01/07/2021 10:00,126802,127204,124994,125666,9292000,125666
^BVSP,02/07/2021 10:00,125667,127672,125667,127622,7434800,127622
^BVSP,05/07/2021 10:00,127622,127633,126531,126920,5255600,126920
^BVSP,06/07/2021 10:00,126919,126919,124866,125095,7651300,125095
^BVSP,07/07/2021 10:00,125096,127249,125094,127019,8151400,127019
^BVSP,08/07/2021 10:00,127013,127013,124310,125428,8881400,125428
^BVSP,12/07/2021 19:05,125428,127782,125428,127594,7421600,127594
^BVSP,13/07/2021 10:00,127594,128420,126441,128168,7152000,128168
^BVSP,14/07/2021 10:00,128169,129620,128085,128407,0,128407
^BVSP,15/07/2021 10:00,128407,128976,126922,127468,7418600,127468
^BVSP,16/07/2021 10:00,127468,128010,125808,125960,7355800,125960
^BVSP,19/07/2021 10:00,125958,125958,123317,124395,9210200,124395
^BVSP,20/07/2021 10:00,124395,125631,123631,125401,7627500,125401
^BVSP,21/07/2021 10:00,125404,126112,125247,125929,7148900,125929
^BVSP,22/07/2021 10:00,125930,126428,125416,126147,6480400,126147
^BVSP,23/07/2021 10:00,126140,126204,124422,125053,6051800,125053
^BVSP,26/07/2021 10:00,125058,126214,125006,126004,6325500,126004
^BVSP,27/07/2021 10:00,126004,126026,123670,124612,7313800,124612
^BVSP,28/07/2021 10:00,124615,126712,124542,126286,9038200,126286
^BVSP,29/07/2021 10:00,126285,126476,124917,125675,7488400,125675
^BVSP,30/07/2021 10:00,125672,125673,121748,121801,9399200,121801
^BVSP,02/08/2021 10:00,121803,124536,121797,122516,8565400,122516
^BVSP,03/08/2021 10:00,122516,123765,120807,123577,9391300,123577
^BVSP,04/08/2021 10:00,123577,123587,121072,121801,9164200,121801
^BVSP,05/08/2021 10:00,121801,123541,121128,121633,10913000,121633
^BVSP,06/08/2021 10:00,121633,123287,121568,122810,7499200,122810
^BVSP,09/08/2021 10:00,122809,123597,122258,123019,7171500,123019
^BVSP,10/08/2021 10:00,123021,123513,122061,122202,8297600,122202
^BVSP,11/08/2021 10:00,122203,122756,120827,122056,8685200,122056
^BVSP,12/08/2021 19:05,122056,122095,120534,120701,11066000,120701
^BVSP,13/08/2021 10:00,120701,121275,120045,121194,10642200,121194
^BVSP,16/08/2021 10:00,121191,121191,118684,119180,9741700,119180
^BVSP,17/08/2021 10:00,119179,119179,116248,117904,11218200,117904
^BVSP,18/08/2021 10:00,117904,118739,116489,116643,11745800,116643
^BVSP,19/08/2021 10:00,116641,117453,114801,117165,10525900,117165
^BVSP,20/08/2021 10:00,117163,118308,116040,118053,8929300,118053
^BVSP,23/08/2021 10:00,118053,118445,117062,117472,7853000,117472
^BVSP,24/08/2021 10:00,117474,120463,117474,120211,9181000,120211
^BVSP,25/08/2021 10:00,120210,120818,119226,120818,7520100,120818
^BVSP,26/08/2021 10:00,120817,120833,118719,118724,8426900,118724
^BVSP,27/08/2021 10:00,118725,120678,118721,120678,7323600,120678
^BVSP,30/08/2021 10:00,120677,120684,119354,119740,6391900,119740
^BVSP,31/08/2021 10:00,119738,120157,117911,118781,11535600,118781
^BVSP,01/09/2021 10:00,118793,119942,118067,119396,9523000,119396
^BVSP,02/09/2021 10:00,119394,119397,116534,116677,9862800,116677
^BVSP,03/09/2021 10:00,116679,117396,115583,116933,12517500,116933
^BVSP,06/09/2021 10:00,116926,117981,116156,117869,5111300,117869
^BVSP,08/09/2021 10:00,117866,117866,113172,113413,12254400,113413
^BVSP,09/09/2021 10:00,113413,116354,112435,115361,13890600,115361
^BVSP,10/09/2021 10:00,115370,116896,114286,114286,11155700,114286
^BVSP,13/09/2021 10:00,114300,117046,114300,116404,9253400,116404
^BVSP,14/09/2021 10:00,116405,117270,115809,116181,9034100,116181
^BVSP,15/09/2021 10:00,116191,116312,114741,115063,9456800,115063
^BVSP,16/09/2021 10:00,115062,115062,113395,113794,10685500,113794
^BVSP,17/09/2021 10:00,113794,113794,111157,111439,14827600,111439
^BVSP,20/09/2021 10:00,111435,111435,107520,108844,11500200,108844
^BVSP,21/09/2021 10:00,108859,110923,108859,110250,11247700,110250
^BVSP,22/09/2021 10:00,110252,113321,110251,112282,12158600,112282
^BVSP,23/09/2021 10:00,112282,114330,112281,114064,11476300,114064
^BVSP,24/09/2021 10:00,114062,114062,112505,113283,9121200,113283
^BVSP,27/09/2021 10:00,113283,114432,112360,113583,10739700,113583
^BVSP,28/09/2021 10:00,113584,113584,109981,110124,13190800,110124
^BVSP,29/09/2021 10:00,110125,112028,110125,111107,11372600,111107
^BVSP,30/09/2021 10:00,111117,112371,110743,110979,13160600,110979
^BVSP,01/10/2021 10:00,110980,113020,110980,112900,10779100,112900
^BVSP,04/10/2021 10:00,112900,112900,109979,110393,11814200,110393
^BVSP,05/10/2021 10:00,110397,111691,110087,110458,10379000,110458
^BVSP,06/10/2021 10:00,110454,110614,108180,110560,13279200,110560
^BVSP,07/10/2021 10:00,110563,111522,110563,110585,10646000,110585
^BVSP,08/10/2021 10:00,110586,114172,110586,112833,12871400,112833
^BVSP,11/10/2021 10:00,112834,113982,112052,112180,10283700,112180
^BVSP,13/10/2021 10:00,112180,114159,111807,113456,11732700,113456
^BVSP,14/10/2021 10:00,113457,113881,112708,113185,8956200,113185
^BVSP,15/10/2021 10:00,113189,114776,113049,114648,11174900,114648
^BVSP,18/10/2021 10:00,114647,114927,112841,114428,11201300,114428
^BVSP,19/10/2021 10:00,114422,114422,109947,110673,14129200,110673
^BVSP,20/10/2021 10:00,110677,112023,110176,110786,11735800,110786
^BVSP,21/10/2021 10:00,110767,110767,105714,107735,16507700,107735
^BVSP,22/10/2021 10:00,107714,107749,102854,106296,21165700,106296
^BVSP,25/10/2021 10:00,106298,109372,106296,108715,11512100,108715
^BVSP,26/10/2021 10:00,108713,108713,106321,106420,10762200,106420
^BVSP,27/10/2021 10:00,106433,108224,106045,106363,10831300,106363
^BVSP,28/10/2021 10:00,106369,107210,105282,105705,11502900,105705
^BVSP,29/10/2021 10:00,105707,105954,103430,103501,12595800,103501
^BVSP,01/11/2021 10:00,103514,106136,103514,105551,10734800,105551
^BVSP,03/11/2021 10:00,105547,106754,104205,105617,14696900,105617
^BVSP,04/11/2021 10:00,105617,105627,102835,103412,12084000,103412
^BVSP,05/11/2021 10:00,103412,105555,103412,104824,12595000,104824
^BVSP,08/11/2021 10:00,104824,105679,104182,104781,9358000,104781
^BVSP,09/11/2021 10:00,104783,106674,104783,105535,11021200,105535
^BVSP,10/11/2021 10:00,105535,107407,105140,105968,12277400,105968
^BVSP,11/11/2021 10:00,105988,108669,105988,107725,12661400,107725
^BVSP,12/11/2021 19:05,107576,107915,105842,106312,13248100,106312
^BVSP,16/11/2021 10:00,106336,106971,104113,104508,11579400,104508
^BVSP,17/11/2021 10:00,104405,105535,102551,102945,12832200,102945
^BVSP,18/11/2021 10:00,102948,103757,102014,102524,10905700,102524
^BVSP,19/11/2021 19:05,102426,103975,102143,103035,11101500,103035
^BVSP,22/11/2021 19:05,103036,104613,102122,102122,10410000,102122
^BVSP,23/11/2021 10:00,102124,103692,101736,103663,13032400,103663
^BVSP,24/11/2021 10:00,103652,105041,102464,104514,10466600,104514
^BVSP,25/11/2021 10:00,104514,106400,104514,105811,7890400,105811
^BVSP,26/11/2021 10:00,105810,105810,101495,102224,10969100,102224
^BVSP,29/11/2021 10:00,102227,104149,102226,102814,10283300,102814
^BVSP,30/11/2021 10:00,102814,103066,100075,101915,18195100,101915
^BVSP,01/12/2021 10:00,101916,104087,100727,100775,13762900,100775
^BVSP,02/12/2021 10:00,100785,104466,100785,104466,14846500,104466
^BVSP,03/12/2021 10:00,104467,106814,104090,105070,14581500,105070
^BVSP,06/12/2021 10:00,105070,107498,105070,106859,11127500,106859
^BVSP,07/12/2021 10:00,106868,108655,106868,107558,11773100,107558
^BVSP,08/12/2021 10:00,107558,108521,107309,108096,13166800,108096
^BVSP,09/12/2021 10:00,106573,106754,105890,106291,11082900,106291
^BVSP,10/12/2021 10:00,106296,108275,106296,107758,10466000,107758
^BVSP,13/12/2021 10:00,107758,109493,107383,107383,12512300,107383
^BVSP,14/12/2021 10:00,107387,109148,106445,106760,11604300,106760
^BVSP,15/12/2021 10:00,106763,107603,105697,107370,12663100,107370
^BVSP,16/12/2021 10:00,107433,109034,107433,108212,13754600,108212
^BVSP,17/12/2021 10:00,108324,108324,106518,107201,14934300,107201
^BVSP,20/12/2021 10:00,107171,107171,104358,105020,10570000,105020
^BVSP,21/12/2021 10:00,105020,105906,105020,105500,9041600,105500
^BVSP,22/12/2021 10:00,105499,105711,104386,105244,8052900,105244
^BVSP,23/12/2021 10:00,105251,105453,104637,104891,7283600,104891
^BVSP,27/12/2021 10:00,104892,105694,104798,105531,7594900,105531
^BVSP,28/12/2021 10:00,105555,105652,104503,104864,7509000,104864
^BVSP,29/12/2021 10:00,104863,105190,103851,104107,6590000,104107
^BVSP,30/12/2021 10:00,104106,105269,104106,104822,11138100,104822
^BVSP,03/01/2022 10:00,104823,106125,103413,103922,11128500,103922
^BVSP,04/01/2022 10:00,103922,104276,103096,103514,11491600,103514
^BVSP,05/01/2022 10:00,103514,103514,100850,101006,0,101006
^BVSP,06/01/2022 10:00,101006,102235,101000,101561,11749200,101561
^BVSP,07/01/2022 10:00,101561,102719,101104,102719,11733200,102719
^BVSP,10/01/2022 10:00,102719,102719,101038,101945,10264700,101945
^BVSP,11/01/2022 10:00,101946,103780,101918,103779,12421500,103779
^BVSP,12/01/2022 10:00,103779,105869,103771,105686,13026500,105686
^BVSP,13/01/2022 10:00,105686,106251,104974,105530,11712300,105530
^BVSP,14/01/2022 10:00,105530,107062,105028,106928,11457100,106928
^BVSP,17/01/2022 10:00,106927,106928,106097,106692,6924200,106692
^BVSP,18/01/2022 10:00,106369,107013,105786,106522,11221900,106522
^BVSP,19/01/2022 10:00,106670,108602,106669,108013,12595600,108013
^BVSP,20/01/2022 10:00,108015,109873,108015,109102,13630500,109102
^BVSP,21/01/2022 10:00,109097,109786,108368,108942,13408400,108942
^BVSP,24/01/2022 10:00,108941,108948,106624,107752,12700800,107752
^BVSP,25/01/2022 10:00,107935,110115,107185,109845,13713900,109845
^BVSP,26/01/2022 10:00,110207,112695,110204,111573,15513800,111573
^BVSP,27/01/2022 10:00,111303,113057,111303,112315,14812000,112315
^BVSP,28/01/2022 10:00,112611,112969,111407,111478,13520100,111478
^BVSP,31/01/2022 10:00,111910,112495,111195,112388,12190800,112388
^BVSP,01/02/2022 10:00,112143,113302,112135,113147,11133300,113147
^BVSP,02/02/2022 10:00,113228,113666,111645,112161,11751200,112161
^BVSP,03/02/2022 10:00,111897,112502,111225,111696,11039700,111696
^BVSP,04/02/2022 10:00,111696,112415,110321,112245,0,112245
^BVSP,07/02/2022 10:00,112247,112517,111490,111996,10672800,111996
^BVSP,08/02/2022 10:00,111995,112251,110943,112234,10157500,112234
^BVSP,09/02/2022 10:00,112233,113163,111710,112461,13794500,112461
^BVSP,10/02/2022 10:00,112462,113812,112163,113359,13267900,113359
^BVSP,11/02/2022 10:00,113368,114899,113128,113572,18602800,113572
^BVSP,14/02/2022 10:00,113643,114167,113358,113807,10757600,113807
^BVSP,15/02/2022 10:00,113905,114819,113882,114660,11649600,114660
^BVSP,16/02/2022 10:00,114830,115734,114816,115181,12052100,115181
^BVSP,17/02/2022 10:00,115181,115214,113389,113528,10807500,113528
^BVSP,18/02/2022 10:00,113534,114213,112701,112768,11300700,112768
^BVSP,21/02/2022 10:00,112880,113405,111608,111725,7864900,111725
^BVSP,22/02/2022 10:00,111727,113315,111727,112892,12707000,112892
^BVSP,23/02/2022 10:00,112892,113721,111748,112008,12120600,112008
^BVSP,24/02/2022 10:00,112001,112001,109125,111592,16794700,111592
^BVSP,25/02/2022 10:00,111591,113142,110673,113142,17555700,113142
^BVSP,02/03/2022 13:00,113143,115429,113143,115174,0,115174
^BVSP,03/03/2022 10:00,115173,115948,115010,115166,12123000,115166
^BVSP,04/03/2022 10:00,115166,115166,113389,114474,10715700,114474
^BVSP,07/03/2022 10:00,114469,114529,111140,111593,14057700,111593
^BVSP,08/03/2022 10:00,111594,112390,110969,111203,15698500,111203
^BVSP,09/03/2022 10:00,111210,114051,111207,113900,14705400,113900
^BVSP,10/03/2022 10:00,113900,113939,111889,113663,12984000,113663
^BVSP,11/03/2022 10:00,113664,114627,111332,111713,12475800,111713
^BVSP,14/03/2022 10:00,111716,112299,109717,109928,10480900,109928
^BVSP,15/03/2022 10:00,109925,109925,107781,108959,13653800,108959
^BVSP,16/03/2022 10:00,108958,111183,108958,111112,13205200,111112
^BVSP,17/03/2022 10:00,111113,113088,111070,113076,14407500,113076
^BVSP,18/03/2022 10:00,113076,115311,112475,115311,19552500,115311
^BVSP,21/03/2022 10:00,115307,116360,115208,116155,10378700,116155
^BVSP,22/03/2022 10:00,116157,117541,116157,117272,11382700,117272
^BVSP,23/03/2022 10:00,117270,118270,117036,117457,11083700,117457
^BVSP,24/03/2022 10:00,117460,119256,117151,119053,13474400,119053
^BVSP,25/03/2022 10:00,119062,119729,118548,119081,13814500,119081
^BVSP,28/03/2022 10:00,119082,119444,118061,118738,9167700,118738
^BVSP,29/03/2022 10:00,118740,120900,118740,120014,12931900,120014
^BVSP,30/03/2022 10:00,120013,120531,119775,120260,10893300,120260
^BVSP,31/03/2022 10:00,120261,120880,119999,119999,11202100,119999
^BVSP,01/04/2022 10:00,120001,121579,120001,121570,13780900,121570
^BVSP,04/04/2022 10:00,121569,121570,120754,121280,8812500,121280
^BVSP,05/04/2022 10:00,121279,121628,118794,118885,11788300,118885
^BVSP,06/04/2022 10:00,118885,118885,116791,118228,13410800,118228
^BVSP,07/04/2022 10:00,118226,119247,117509,118862,11520100,118862
^BVSP,08/04/2022 10:00,118861,118868,117487,118322,11225800,118322
^BVSP,11/04/2022 10:00,118320,118320,116953,116953,9558400,116953
^BVSP,12/04/2022 10:00,116963,118615,116054,116147,11406800,116147
^BVSP,13/04/2022 10:00,116150,117329,116150,116782,12070500,116782
^BVSP,14/04/2022 10:00,116781,116781,115624,116182,10365400,116182
^BVSP,18/04/2022 10:00,116182,116191,115177,115687,8404900,115687
^BVSP,19/04/2022 10:00,115687,115687,114277,115057,0,115057
^BVSP,20/04/2022 10:00,115057,115057,113945,114344,10747700,114344
^BVSP,22/04/2022 10:00,114343,114343,110591,111078,10877300,111078
^BVSP,25/04/2022 10:00,111077,111155,109222,110685,11098300,110685
^BVSP,26/04/2022 10:00,110684,110685,107978,108213,11747500,108213
^BVSP,27/04/2022 10:00,108214,110107,108214,109349,11515700,109349
^BVSP,28/04/2022 10:00,109349,110702,108905,109919,11129900,109919
^BVSP,29/04/2022 10:00,109922,111819,107876,107876,13662200,107876
^BVSP,02/05/2022 10:00,107876,107884,105218,106639,11935100,106639
^BVSP,03/05/2022 10:00,106640,107127,106033,106528,9935500,106528
^BVSP,04/05/2022 10:00,106529,108382,104933,108344,14558600,108344
^BVSP,05/05/2022 10:00,108337,108337,103923,105304,13826200,105304
^BVSP,06/05/2022 10:00,105303,106268,103984,105135,14137700,105135
^BVSP,09/05/2022 10:00,105109,105109,102768,103250,13196700,103250
^BVSP,10/05/2022 10:00,103251,104286,102386,103110,13507400,103110
^BVSP,11/05/2022 10:00,103110,105374,103008,104397,13425100,104397
^BVSP,12/05/2022 10:00,104395,105708,103579,105688,13995600,105688
^BVSP,13/05/2022 10:00,105691,107773,105691,106924,12369300,106924
^BVSP,16/05/2022 10:00,108685,108685,108199,108233,10596900,108233
^BVSP,17/05/2022 10:00,108246,109774,108245,108789,16503400,108789
^BVSP,18/05/2022 10:00,107903,108096,106038,106247,14752800,106247
^BVSP,19/05/2022 10:00,106249,107420,105760,107005,11426400,107005
^BVSP,20/05/2022 10:00,108520,108795,107351,108488,12866400,108488
^BVSP,23/05/2022 10:00,108500,110680,108500,110346,10682700,110346
^BVSP,24/05/2022 10:00,110340,110635,108399,110581,11724400,110581
^BVSP,25/05/2022 10:00,110085,111006,109699,110580,10737700,110580
^BVSP,26/05/2022 10:00,110577,112102,110388,111890,13077400,111890
^BVSP,27/05/2022 10:00,111890,112441,111558,111942,9979300,111942
^BVSP,30/05/2022 10:00,111944,112690,110655,111032,7284500,111032
^BVSP,31/05/2022 10:00,111036,111903,110685,111351,15809400,111351
^BVSP,01/06/2022 10:00,111351,111931,110822,111360,9790200,111360
^BVSP,02/06/2022 10:00,111363,112709,111218,112393,10051100,112393
^BVSP,03/06/2022 10:00,112392,112392,110935,111102,8757500,111102
^BVSP,06/06/2022 10:00,111102,111935,110015,110186,8212400,110186
^BVSP,07/06/2022 10:00,110185,110435,109394,110070,9466200,110070
^BVSP,08/06/2022 10:00,110067,110142,108045,108368,10379900,108368
^BVSP,09/06/2022 10:00,108367,108510,107068,107094,11955500,107094
^BVSP,10/06/2022 10:00,107091,107092,104648,105481,12840500,105481
^BVSP,13/06/2022 10:00,105476,105478,101700,102598,13837900,102598
^BVSP,14/06/2022 10:00,102598,103328,101325,102063,11563200,102063
^BVSP,15/06/2022 10:00,102068,103952,102046,102807,16023500,102807
^BVSP,17/06/2022 10:00,102800,102801,98402,99825,18927300,99825
^BVSP,20/06/2022 10:00,99824,100481,98409,99853,10900800,99853
^BVSP,21/06/2022 10:00,99854,101069,99167,99685,11072300,99685
^BVSP,22/06/2022 10:00,99678,100374,98050,99522,11675100,99522
^BVSP,23/06/2022 10:00,99523,100232,97775,98080,12397700,98080
^BVSP,24/06/2022 10:00,98081,99313,98031,98672,10345200,98672
^BVSP,27/06/2022 10:00,98673,101106,98672,100764,9895900,100764
^BVSP,28/06/2022 10:00,100766,102237,99956,100591,10493900,100591
^BVSP,29/06/2022 10:00,100592,101313,99218,99622,10448100,99622
^BVSP,30/06/2022 10:00,99619,99619,97758,98542,14588800,98542
^BVSP,01/07/2022 10:00,98542,99340,97231,98954,11609800,98954
^BVSP,04/07/2022 10:00,98952,99353,98264,98609,6279300,98609
^BVSP,05/07/2022 10:00,98608,98608,96499,98295,13358800,98295
^BVSP,06/07/2022 10:00,98294,99141,97423,98719,13348200,98719
^BVSP,07/07/2022 10:00,98722,101420,98722,100730,12696300,100730
^BVSP,08/07/2022 10:00,100732,101577,99958,100289,9730400,100289
^BVSP,11/07/2022 10:00,100282,100282,97854,98212,8893400,98212
^BVSP,12/07/2022 10:00,98212,98737,97253,98271,12566300,98271
^BVSP,13/07/2022 10:00,98258,98928,97403,97881,12208100,97881
^BVSP,14/07/2022 10:00,97879,97879,95431,96121,12579000,96121
^BVSP,15/07/2022 10:00,96119,96971,95267,96551,11347600,96551
^BVSP,18/07/2022 10:00,96553,98291,96553,96916,10738200,96916
^BVSP,19/07/2022 10:00,96920,98346,96917,98245,10295900,98245
^BVSP,20/07/2022 10:00,98244,98366,97277,98287,12941700,98287
^BVSP,21/07/2022 10:00,98286,99057,97088,99033,10060000,99033
^BVSP,22/07/2022 10:00,99034,99724,98321,98925,10033500,98925
^BVSP,25/07/2022 10:00,98926,100508,98925,100270,8621800,100270
^BVSP,26/07/2022 10:00,100270,100753,99365,99772,9136600,99772
^BVSP,27/07/2022 10:00,99773,101471,99772,101438,10263100,101438
^BVSP,28/07/2022 10:00,101437,102686,101045,102597,11130000,102597
^BVSP,29/07/2022 10:00,102597,103989,102514,103165,12934200,103165
^BVSP,01/08/2022 10:00,103165,103317,101764,102225,11626700,102225
^BVSP,02/08/2022 10:00,102225,103660,101694,103362,10124500,103362
^BVSP,03/08/2022 10:00,103362,103878,102822,103775,12379600,103775
^BVSP,04/08/2022 10:00,103777,106162,103777,105892,15499000,105892
^BVSP,05/08/2022 10:00,105893,107176,105518,106472,12947500,106472
^BVSP,08/08/2022 10:00,106473,108489,106473,108402,12674600,108402
^BVSP,09/08/2022 10:00,108403,109331,107842,108651,12147900,108651
^BVSP,10/08/2022 10:00,108658,110362,108657,110236,13376200,110236
^BVSP,11/08/2022 10:00,110236,111310,109604,109718,14944800,109718
^BVSP,12/08/2022 10:00,109718,112764,109718,112764,18704900,112764
^BVSP,15/08/2022 10:00,112767,113214,111067,113032,15552900,113032
^BVSP,16/08/2022 10:00,113034,113626,112690,113512,12986400,113512
^BVSP,17/08/2022 10:00,113508,114146,112483,113708,14652800,113708
^BVSP,18/08/2022 10:00,113708,114375,113304,113813,10644200,113813
^BVSP,19/08/2022 10:00,113807,113807,111146,111496,12678600,111496
^BVSP,22/08/2022 10:00,111487,111487,109858,110501,11010900,110501
^BVSP,23/08/2022 10:00,110504,112965,110503,112857,11892000,112857
^BVSP,24/08/2022 10:00,112856,113888,112632,112898,13758600,112898
^BVSP,25/08/2022 10:00,112898,114156,112768,113532,11838500,113532
^BVSP,26/08/2022 10:00,113533,114091,111978,112299,11159700,112299
^BVSP,29/08/2022 10:00,112296,113222,111689,112323,9795800,112323
^BVSP,30/08/2022 10:00,112323,112869,110103,110431,11937900,110431
^BVSP,31/08/2022 10:00,110431,111364,109523,109523,14791100,109523
^BVSP,01/09/2022 10:00,109524,110405,108217,110405,14478000,110405
^BVSP,02/09/2022 10:00,110409,112264,110409,110864,16691800,110864
^BVSP,05/09/2022 10:00,110868,112671,110865,112203,9515500,112203
^BVSP,06/09/2022 10:00,112203,112203,109348,109764,14296100,109764
^BVSP,08/09/2022 10:00,109771,110768,108619,109916,13759500,109916
^BVSP,09/09/2022 10:00,109922,112540,109922,112300,12155200,112300
^BVSP,12/09/2022 10:00,112307,114160,112305,113407,11707100,113407
^BVSP,13/09/2022 10:00,113398,113400,110522,110794,12612500,110794
^BVSP,14/09/2022 10:00,110794,111504,110118,110547,11630900,110547
^BVSP,15/09/2022 10:00,110547,111100,109524,109954,11622500,109954
^BVSP,16/09/2022 10:00,109951,109952,108489,109280,18843300,109280
^BVSP,19/09/2022 10:00,109283,111976,108508,111824,12594800,111824
^BVSP,20/09/2022 10:00,111824,112544,111393,112517,12570300,112517
^BVSP,21/09/2022 10:00,112517,113294,111380,111936,14726800,111936
^BVSP,22/09/2022 10:00,111942,114392,111819,114070,15684400,114070
^BVSP,23/09/2022 10:00,112258,112457,110732,111716,13542300,111716
^BVSP,26/09/2022 10:00,111713,111713,109022,109114,13127000,109114
^BVSP,27/09/2022 10:00,109122,110161,108120,108376,14517500,108376
^BVSP,28/09/2022 10:00,108377,108970,107914,108451,13540500,108451
^BVSP,29/09/2022 10:00,108449,108449,106244,107664,14588500,107664
^BVSP,30/09/2022 10:00,107664,110502,107315,110037,16536300,110037
^BVSP,03/10/2022 10:00,110048,116134,110048,116134,20982900,116134
^BVSP,04/10/2022 10:00,116704,118280,115837,116230,16078700,116230
^BVSP,05/10/2022 10:00,116231,117514,115906,117198,13555200,117198
^BVSP,06/10/2022 10:00,117200,118382,117144,117561,14520500,117561
^BVSP,07/10/2022 10:00,117560,117960,115924,116375,13616500,116375
^BVSP,10/10/2022 10:00,116377,116841,115261,115941,11429900,115941
^BVSP,11/10/2022 10:00,115928,115928,114297,114827,13137900,114827
^BVSP,13/10/2022 10:00,114819,115367,112690,114300,14583700,114300
^BVSP,14/10/2022 10:00,114301,114712,111631,112072,13096100,112072
^BVSP,17/10/2022 10:00,112107,114406,112090,113624,11633000,113624
^BVSP,18/10/2022 10:00,113627,115795,113627,115743,14744200,115743
^BVSP,19/10/2022 10:00,115744,116459,115264,116274,12729900,116274
^BVSP,20/10/2022 10:00,116276,117367,116276,117171,16915800,117171
^BVSP,21/10/2022 10:00,117170,120752,116736,119929,18579800,119929
^BVSP,24/10/2022 10:00,119922,119924,115793,116013,13278800,116013
^BVSP,25/10/2022 10:00,116016,116203,114626,114626,14727200,114626
^BVSP,26/10/2022 10:00,114626,114626,112577,112764,16088200,112764
^BVSP,27/10/2022 10:00,112766,116236,112765,114641,15530800,114641
^BVSP,28/10/2022 10:00,114636,114712,113336,114539,14392400,114539
^BVSP,31/10/2022 10:00,114533,116763,112113,116037,21637900,116037
^BVSP,01/11/2022 10:00,116037,118261,115547,116929,17969700,116929
^BVSP,03/11/2022 10:00,116927,117373,114485,116896,15634600,116896
^BVSP,04/11/2022 10:00,116907,120039,116904,118155,16209500,118155
^BVSP,07/11/2022 10:00,118148,118240,115266,115342,15221900,115342
^BVSP,08/11/2022 10:00,115340,117072,114688,116160,14239800,116160
^BVSP,09/11/2022 10:00,116153,116183,113110,113580,20531600,113580
^BVSP,10/11/2022 10:00,113579,113579,108516,109775,26029300,109775
^BVSP,11/11/2022 10:00,109775,113010,109408,112253,25038700,112253
^BVSP,14/11/2022 10:00,112256,114322,111930,113161,15080400,113161
^BVSP,16/11/2022 10:00,113166,113473,109512,110243,18351000,110243
^BVSP,17/11/2022 10:00,110241,110242,107245,109703,23119600,109703
^BVSP,18/11/2022 10:00,109706,111585,108512,108880,18769100,108880
^BVSP,21/11/2022 10:00,108868,110235,107957,109748,16651600,109748
^BVSP,22/11/2022 10:00,109750,110224,107867,109037,15056500,109037
^BVSP,23/11/2022 10:00,109036,109285,107902,108683,13198400,108683
^BVSP,24/11/2022 10:00,108846,112612,108846,111831,10296900,111831
^BVSP,25/11/2022 10:00,111831,112025,108552,108977,12309100,108977
^BVSP,28/11/2022 10:00,108977,109476,108378,108782,11492600,108782
^BVSP,29/11/2022 10:00,108784,112187,108784,110910,14721700,110910
^BVSP,30/11/2022 10:00,110910,112486,110202,112486,19703200,112486
^BVSP,01/12/2022 10:00,112479,112479,110548,110926,15193700,110926
^BVSP,02/12/2022 10:00,110926,113761,109963,111924,15982000,111924
^BVSP,05/12/2022 10:00,111922,112150,109270,109401,12308400,109401
^BVSP,06/12/2022 10:00,109403,110663,109217,109533,13437500,109533
^BVSP,07/12/2022 10:00,110188,110247,108612,109361,13825300,109361
^BVSP,08/12/2022 10:00,109068,109286,106906,107245,14921000,107245
^BVSP,09/12/2022 10:00,107250,108566,107089,107689,10676300,107689
^BVSP,12/12/2022 10:00,107518,107561,103877,105264,15481900,105264
^BVSP,13/12/2022 10:00,105345,106689,103409,103892,17702200,103892
^BVSP,14/12/2022 10:00,103536,104516,101632,103803,24923500,103803
^BVSP,15/12/2022 10:00,103739,105483,103014,103738,15568200,103738
^BVSP,16/12/2022 10:00,103737,104018,102248,102825,18255000,102825
^BVSP,19/12/2022 10:00,102859,105107,102770,104530,16773400,104530
^BVSP,20/12/2022 10:00,104740,107792,104607,106979,19125600,106979
^BVSP,21/12/2022 10:00,106866,107991,106066,107313,17634900,107313
^BVSP,22/12/2022 10:00,107436,108383,106510,107317,11494600,107317
^BVSP,23/12/2022 10:00,107552,109994,107552,109698,12847100,109698
^BVSP,26/12/2022 10:00,109699,109755,108309,108738,5219500,108738
^BVSP,27/12/2022 10:00,108739,109353,107418,108347,11158100,108347
^BVSP,28/12/2022 10:00,108578,110536,108578,110237,11193900,110237
^BVSP,29/12/2022 10:00,110237,111178,109560,110031,13389100,110031
^BVSP,02/01/2023 10:00,109734,109734,105981,106376,8130500,106376
^BVSP,03/01/2023 10:00,106377,106684,103852,104166,14466700,104166
^BVSP,04/01/2023 10:00,104167,105627,103915,105334,14451200,105334
^BVSP,05/01/2023 10:00,105336,107743,105333,107518,15512000,107518
^BVSP,06/01/2023 10:00,107642,109433,107642,108836,12626600,108836
^BVSP,09/01/2023 10:00,108964,109938,108134,109227,12047300,109227
^BVSP,10/01/2023 10:00,109129,111193,108478,110912,13697900,110912
^BVSP,11/01/2023 10:00,110816,111841,110752,111763,14461400,111763
^BVSP,12/01/2023 10:00,112516,113129,110982,111877,19839100,111877
^BVSP,13/01/2023 10:00,111843,111847,110428,110916,15939000,110916
^BVSP,16/01/2023 10:00,110908,110908,108753,109213,12512400,109213
^BVSP,17/01/2023 10:00,109214,111577,109214,111439,14363200,111439
^BVSP,18/01/2023 10:00,111442,113306,111441,112452,14128600,112452
^BVSP,19/01/2023 10:00,112219,113172,111307,113006,15594300,113006
^BVSP,20/01/2023 10:00,112922,113025,111735,112301,15436600,112301
^BVSP,23/01/2023 10:00,112041,113061,111542,111709,13701000,111709
^BVSP,24/01/2023 10:00,111746,113040,111669,113028,11551500,113028
^BVSP,25/01/2023 10:00,113028,114386,111927,114195,11413000,114195
^BVSP,26/01/2023 10:00,114271,114835,113591,114109,10920800,114109
^BVSP,27/01/2023 10:00,114178,114191,112044,112502,10614500,112502
^BVSP,30/01/2023 10:00,112319,112920,111824,111888,11272700,111888
^BVSP,31/01/2023 10:00,112273,113581,112145,113532,12900200,113532
^BVSP,01/02/2023 10:00,113430,113598,110729,112303,17821500,112303
^BVSP,02/02/2023 10:00,112072,112943,109747,109935,15241800,109935
^BVSP,03/02/2023 10:00,110141,110570,108185,108490,13235300,108490
^BVSP,06/02/2023 10:00,108518,108710,107416,108456,11514600,108456
^BVSP,07/02/2023 10:00,108727,109037,107234,107920,12956300,107920
^BVSP,08/02/2023 10:00,107832,110175,107830,109882,13837000,109882
^BVSP,09/02/2023 10:00,109952,110046,107781,107783,12956000,107783
^BVSP,10/02/2023 10:00,108002,108647,107620,108150,14458000,108150
^BVSP,13/02/2023 10:00,108074,109193,107420,108846,9973600,108846
^BVSP,14/02/2023 10:00,108839,109564,107557,107659,11894600,107659
^BVSP,15/02/2023 10:00,107849,110210,107267,109442,15499500,109442
^BVSP,16/02/2023 10:00,109599,110437,108378,109905,12995900,109905
^BVSP,17/02/2023 10:00,109941,109941,108968,109303,10058400,109303
^BVSP,22/02/2023 13:00,109174,109174,106720,107152,9356400,107152
^BVSP,23/02/2023 10:00,107152,108663,106731,107720,11459000,107720
^BVSP,24/02/2023 10:00,107582,107611,105360,105873,10221100,105873
^BVSP,27/02/2023 10:00,105807,106402,105227,105711,9570700,105711
^BVSP,28/02/2023 10:00,105706,106794,104932,104932,15672400,104932
^BVSP,01/03/2023 10:00,104933,105497,103105,104385,19853000,104385
^BVSP,02/03/2023 10:00,104375,104912,103321,103326,14738800,103326
^BVSP,03/03/2023 10:00,103326,104440,103323,103866,13101500,103866
^BVSP,06/03/2023 10:00,103865,105171,103170,104700,14277800,104700
^BVSP,07/03/2023 10:00,104700,105179,103480,104228,12578200,104228
^BVSP,08/03/2023 10:00,104228,106721,104228,106540,15904100,106540
^BVSP,09/03/2023 10:00,106540,106724,105053,105071,19174300,105071
^BVSP,10/03/2023 10:00,105071,105071,103201,103618,17952200,103618
^BVSP,13/03/2023 10:00,103608,103907,102255,103121,12993800,103121
^BVSP,14/03/2023 10:00,103121,104153,102482,102932,13133800,102932
^BVSP,15/03/2023 10:00,102930,103048,100692,102675,15246500,102675
^BVSP,16/03/2023 10:00,102683,103911,102455,103435,14385800,103435
^BVSP,17/03/2023 10:00,103434,103434,101664,101982,17560000,101982
^BVSP,20/03/2023 10:00,101982,102328,100679,100923,0,100923
^BVSP,21/03/2023 10:00,100923,101670,100923,100998,9672100,100998
^BVSP,22/03/2023 10:00,100998,101888,100129,100221,11504600,100221
^BVSP,23/03/2023 10:00,100221,101126,96997,97926,0,97926
^BVSP,24/03/2023 10:00,97926,99258,97688,98829,0,98829
^BVSP,27/03/2023 10:00,98833,99997,98833,99670,9990600,99670
^BVSP,28/03/2023 10:00,99672,101559,99488,101185,13500100,101185
^BVSP,29/03/2023 10:00,101185,102213,100248,101793,12456100,101793
^BVSP,30/03/2023 10:00,101796,104085,101796,103713,14901600,103713
^BVSP,31/03/2023 10:00,103714,104041,101476,101882,15111200,101882
^BVSP,03/04/2023 10:00,101883,101916,100651,101506,12794800,101506
^BVSP,04/04/2023 10:00,101505,103056,101505,101869,11695800,101869
^BVSP,05/04/2023 10:00,101869,101960,99898,100978,13256500,100978
^BVSP,06/04/2023 10:00,100978,101628,100443,100822,9818500,100822
^BVSP,10/04/2023 10:00,100822,102196,100819,101847,8148700,101847
^BVSP,11/04/2023 10:00,101849,106455,101848,106214,18725700,106214
^BVSP,12/04/2023 10:00,106218,108277,106217,106890,17345500,106890
^BVSP,13/04/2023 10:00,106890,107037,106220,106458,12182900,106458
^BVSP,14/04/2023 10:00,106458,106701,104934,106279,11501000,106279
^BVSP,17/04/2023 10:00,106279,106830,105623,106016,10253400,106016
^BVSP,18/04/2023 10:00,106023,106475,105122,106163,11207900,106163
^BVSP,19/04/2023 10:00,106149,106149,103604,103913,12713600,103913
^BVSP,20/04/2023 10:00,103913,104615,103087,104367,12378000,104367
^BVSP,24/04/2023 10:00,104367,104822,103247,103947,10935400,103947
^BVSP,25/04/2023 10:00,103947,103947,102633,103220,10873200,103220
^BVSP,26/04/2023 10:00,103220,103668,102233,102312,10115500,102312
^BVSP,27/04/2023 10:00,102310,103177,101975,102923,11302800,102923
^BVSP,28/04/2023 10:00,102923,104432,102449,104432,13080900,104432
^BVSP,02/05/2023 10:00,104431,104447,101569,101927,12018000,101927
^BVSP,03/05/2023 10:00,101927,102331,101433,101797,11688200,101797
^BVSP,04/05/2023 10:00,101798,103321,101063,102174,14837300,102174
^BVSP,05/05/2023 10:00,102175,105306,102175,105148,16699500,105148
^BVSP,08/05/2023 10:00,105161,106716,105161,106042,13259200,106042
^BVSP,09/05/2023 10:00,106028,107731,105549,107114,13526600,107114
^BVSP,10/05/2023 10:00,107114,107744,106538,107448,13576900,107448
^BVSP,11/05/2023 10:00,107446,108667,106419,108256,12772100,108256
^BVSP,12/05/2023 10:00,108256,108817,107497,108464,0,108464
^BVSP,15/05/2023 10:00,108469,109271,108356,109029,11603200,109029
^BVSP,16/05/2023 10:00,109029,110151,108085,108194,16897300,108194
^BVSP,17/05/2023 10:00,108194,109774,108188,109460,13993000,109460
^BVSP,18/05/2023 10:00,109459,110206,108864,110108,13613100,110108
^BVSP,19/05/2023 10:00,110113,111211,109787,110745,16135800,110745
^BVSP,22/05/2023 10:00,110745,111643,110178,110213,11769400,110213
^BVSP,23/05/2023 10:00,110213,111325,109713,109929,12334800,109929
^BVSP,24/05/2023 10:00,109920,109920,108546,108800,12980200,108800
^BVSP,25/05/2023 10:00,108800,111115,108800,110054,14745300,110054
^BVSP,26/05/2023 10:00,110058,111706,109900,110906,11019700,110906
^BVSP,29/05/2023 10:00,110906,111168,110195,110333,5913000,110333
^BVSP,30/05/2023 10:00,110333,111291,108552,108967,11588000,108967
^BVSP,31/05/2023 10:00,108967,109137,108193,108335,15861100,108335
^BVSP,01/06/2023 10:00,108339,110745,108335,110565,14669000,110565
^BVSP,02/06/2023 10:00,110568,113070,110567,112558,14545800,112558
^BVSP,05/06/2023 10:00,112558,113071,111736,112696,9078800,112696
^BVSP,06/06/2023 10:00,112697,114783,112696,114610,15025400,114610
^BVSP,07/06/2023 10:00,114610,115978,114610,115488,14017100,115488
^BVSP,09/06/2023 10:00,115489,117603,115489,117019,13527100,117019
^BVSP,12/06/2023 10:00,117022,117735,116704,117336,12016200,117336
^BVSP,13/06/2023 10:00,117337,117924,116363,116743,12392200,116743
^BVSP,14/06/2023 10:00,116753,119085,116745,119069,16938600,119069
^BVSP,15/06/2023 10:00,119068,119686,118693,119221,12298000,119221
^BVSP,16/06/2023 10:00,119208,119555,118487,118758,15251700,118758
^BVSP,19/06/2023 10:00,118757,119939,118558,119858,6776300,119858
^BVSP,20/06/2023 10:00,119858,119858,118416,119622,10924200,119622
^BVSP,21/06/2023 10:00,119623,120519,119332,120420,11736700,120420
^BVSP,22/06/2023 10:00,120420,120420,118018,118934,11831500,118934
^BVSP,23/06/2023 10:00,118959,119386,118178,118977,12845400,118977
^BVSP,26/06/2023 10:00,118977,119148,117491,118243,10456600,118243
^BVSP,27/06/2023 10:00,118246,119212,116561,117523,13077000,117523
^BVSP,28/06/2023 10:00,117524,117937,116560,116681,10646300,116681
^BVSP,29/06/2023 10:00,116683,118623,116683,118383,11055300,118383
^BVSP,30/06/2023 10:00,118388,119447,118087,118087,0,118087
^BVSP,03/07/2023 10:00,118092,119877,118092,119673,8907500,119673
^BVSP,04/07/2023 10:00,119673,119678,118830,119076,6555200,119076
^BVSP,05/07/2023 10:00,119072,120200,118688,119549,10959000,119549
^BVSP,06/07/2023 10:00,119548,119548,117096,117426,11025700,117426
^BVSP,07/07/2023 10:00,117427,119549,117427,118898,10521000,118898
^BVSP,10/07/2023 10:00,118897,118897,117814,117942,8104000,117942
^BVSP,11/07/2023 10:00,117942,117942,115704,117220,10592500,117220
^BVSP,12/07/2023 10:00,117557,119156,117557,117666,8941200,117666
^BVSP,13/07/2023 10:00,117671,119739,117668,119264,9257600,119264
^BVSP,14/07/2023 10:00,119268,119329,117526,117711,8980000,117711
^BVSP,17/07/2023 10:00,117711,118302,116591,118219,8201900,118219
^BVSP,18/07/2023 10:00,118218,118732,117324,117841,8584800,117841
^BVSP,19/07/2023 10:00,117842,118011,116660,117552,9728700,117552
^BVSP,20/07/2023 10:00,117558,118290,117484,118083,8986400,118083
^BVSP,21/07/2023 10:00,118090,120373,118086,120217,11181500,120217
^BVSP,24/07/2023 10:00,120220,121772,120099,121342,10494800,121342
^BVSP,25/07/2023 10:00,121344,123010,121344,122008,11427100,122008
^BVSP,26/07/2023 10:00,122003,122747,121370,122560,9988800,122560
^BVSP,27/07/2023 10:00,122560,122599,119825,119990,10678700,119990
^BVSP,28/07/2023 10:00,120002,120660,119706,120187,8464200,120187
^BVSP,31/07/2023 10:00,120188,122149,120188,121943,10122700,121943
^BVSP,01/08/2023 10:00,121945,121945,120154,121248,10302800,121248
^BVSP,02/08/2023 10:00,121249,121252,119798,120859,10565900,120859
^BVSP,03/08/2023 10:00,120859,122619,120365,120586,13027300,120586
^BVSP,04/08/2023 10:00,120586,121442,119215,119508,15065200,119508
^BVSP,07/08/2023 10:00,119509,120104,118894,119380,8726500,119380
^BVSP,08/08/2023 10:00,119378,119553,117492,119090,10246000,119090
^BVSP,09/08/2023 10:00,119090,119090,117901,118409,11245600,118409
^BVSP,10/08/2023 10:00,118412,119438,118113,118350,12689600,118350
^BVSP,11/08/2023 10:00,118350,119054,117415,118065,11867500,118065
^BVSP,14/08/2023 10:00,118067,118082,116530,116810,11203500,116810
^BVSP,15/08/2023 10:00,116809,117697,116033,116171,14636000,116171
^BVSP,16/08/2023 10:00,116171,117338,115534,115592,18862600,115592
^BVSP,17/08/2023 10:00,115592,116610,114859,114982,12747500,114982
^BVSP,18/08/2023 10:00,114973,115729,114423,115409,10601000,115409
^BVSP,21/08/2023 10:00,115404,115425,114067,114429,9794400,114429
^BVSP,22/08/2023 10:00,114433,116286,114433,116156,9828500,116156
^BVSP,23/08/2023 10:00,116160,118135,116159,118135,11542800,118135
^BVSP,24/08/2023 10:00,118135,118136,116848,117026,9196200,117026
^BVSP,25/08/2023 10:00,117025,117252,115397,115837,9214100,115837
^BVSP,28/08/2023 10:00,115838,117253,115836,117121,9596900,117121
^BVSP,29/08/2023 10:00,117124,118493,117124,118404,9631600,118404
^BVSP,30/08/2023 10:00,118404,118841,117471,117535,8924000,117535
^BVSP,31/08/2023 10:00,117537,117637,115742,115742,12950000,115742
^BVSP,01/09/2023 10:00,115744,117991,115744,117893,11890700,117893
^BVSP,04/09/2023 10:00,117893,118576,117590,117777,5529700,117777
^BVSP,05/09/2023 10:00,117776,117957,116637,117331,10870700,117331
^BVSP,06/09/2023 10:00,117331,117971,115984,115985,9916100,115985
^BVSP,08/09/2023 10:00,115979,115979,114839,115313,8360700,115313
^BVSP,11/09/2023 10:00,115316,117131,115316,116883,8789000,116883
^BVSP,12/09/2023 10:00,116885,118154,116885,117968,9192800,117968
^BVSP,13/09/2023 10:00,117968,119318,117722,118176,12075300,118176
^BVSP,14/09/2023 10:00,118181,119748,118181,119392,13279300,119392
^BVSP,15/09/2023 10:00,119393,119780,118666,118758,16107600,118758
^BVSP,18/09/2023 10:00,118759,119486,118123,118288,11273100,118288
^BVSP,19/09/2023 10:00,118293,118458,117628,117846,11453800,117846
^BVSP,20/09/2023 10:00,117864,119616,117847,118695,9238800,118695
^BVSP,21/09/2023 10:00,118695,118695,116013,116145,12685800,116145
^BVSP,22/09/2023 10:00,116147,116968,115855,116009,9443500,116009
^BVSP,25/09/2023 10:00,116009,116031,115573,115925,9580000,115925
^BVSP,26/09/2023 10:00,115922,115922,114162,114193,11241800,114193
^BVSP,27/09/2023 10:00,114194,115340,113366,114327,13359300,114327
^BVSP,28/09/2023 10:00,114875,115954,114811,115731,10387000,115731
^BVSP,29/09/2023 10:00,115742,116899,115742,116565,11143200,116565
^BVSP,02/10/2023 10:00,116565,116672,114761,115057,8524900,115057
^BVSP,03/10/2023 10:00,115055,115056,113151,113419,11104800,113419
^BVSP,04/10/2023 10:00,113430,114075,113036,113607,10813800,113607
^BVSP,05/10/2023 10:00,113609,114359,112705,113284,9507200,113284
^BVSP,06/10/2023 10:00,113283,114491,111599,114170,13138200,114170
^BVSP,09/10/2023 10:00,114169,115219,113448,115156,9474400,115156
^BVSP,10/10/2023 10:00,115158,116900,115158,116737,11621500,116737
^BVSP,11/10/2023 10:00,116737,117099,116231,117051,9949800,117051
^BVSP,13/10/2023 10:00,117050,117070,115658,115754,10609300,115754
^BVSP,16/10/2023 10:00,115760,116905,115760,116534,8989900,116534
^BVSP,17/10/2023 10:00,116526,116917,115564,115908,10371700,115908
^BVSP,18/10/2023 10:00,115907,115907,113952,114060,15492200,114060
^BVSP,19/10/2023 10:00,114059,115063,113768,114004,11497600,114004
^BVSP,20/10/2023 10:00,113996,114090,112533,113155,0,113155
^BVSP,23/10/2023 10:00,113145,113680,112164,112785,10701800,112785
^BVSP,24/10/2023 10:00,112814,114249,112814,113762,10711800,113762
^BVSP,25/10/2023 10:00,113762,114319,112680,112830,12306500,112830
^BVSP,26/10/2023 10:00,112840,114886,112840,114777,12770600,114777
^BVSP,27/10/2023 10:00,114777,115342,112953,113301,12289500,113301
^BVSP,30/10/2023 10:00,113303,114204,112309,112532,9741800,112532
^BVSP,31/10/2023 10:00,112534,113597,112098,113144,10557400,113144
^BVSP,01/11/2023 10:00,113157,115433,113157,115053,13904100,115053
^BVSP,03/11/2023 10:00,115062,118502,115062,118160,15714000,118160
^BVSP,06/11/2023 10:00,118160,118758,118045,118487,10167700,118487
^BVSP,07/11/2023 10:00,118422,119577,118026,119268,16393100,119268
^BVSP,08/11/2023 10:00,119268,119976,118464,119099,15193500,119099
^BVSP,09/11/2023 10:00,119180,120257,118446,119012,15568300,119012
^BVSP,10/11/2023 10:00,119036,120823,119036,120636,0,120636
^BVSP,13/11/2023 10:00,120561,120606,119878,120376,11198000,120376
^BVSP,14/11/2023 10:00,120411,123370,120411,123328,19427900,123328
^BVSP,16/11/2023 10:00,123165,124737,123165,124576,18355600,124576
^BVSP,17/11/2023 10:00,124639,125431,124547,125062,15719100,125062
^BVSP,20/11/2023 10:00,124773,126162,124773,126095,11108500,126095
^BVSP,21/11/2023 10:00,125957,125957,125060,125607,10793500,125607
^BVSP,22/11/2023 10:00,125626,126875,125439,126035,14058500,126035
^BVSP,23/11/2023 10:00,126035,126760,125764,126576,7816400,126576
^BVSP,24/11/2023 10:00,126553,126553,125341,125542,9613100,125542
^BVSP,27/11/2023 10:00,125517,125826,124840,125683,11013800,125683
^BVSP,28/11/2023 10:00,125726,126916,125388,126538,12394200,126538
^BVSP,29/11/2023 10:00,126541,127388,126018,126101,12417500,126101
^BVSP,30/11/2023 10:00,126168,127399,126168,127331,19238400,127331
^BVSP,01/12/2023 10:00,127331,128165,126656,128103,13696500,128103
^BVSP,04/12/2023 10:00,128183,128183,126643,126803,10270500,126803
^BVSP,05/12/2023 10:00,126802,127489,126491,126903,11960300,126903
^BVSP,06/12/2023 10:00,126907,127538,125614,125623,10837300,125623
^BVSP,07/12/2023 10:00,125623,126581,125566,126010,10505300,126010
^BVSP,08/12/2023 10:00,126010,127289,125562,127094,10745300,127094
^BVSP,11/12/2023 10:00,127093,127154,126526,126916,7091900,126916
^BVSP,12/12/2023 10:00,126923,127359,126013,126403,10266500,126403
^BVSP,13/12/2023 10:00,126406,129793,126299,129465,15066200,129465
^BVSP,14/12/2023 10:00,129469,131260,129469,130842,15822800,130842
^BVSP,15/12/2023 10:00,130842,131661,129884,130197,15141000,130197
^BVSP,18/12/2023 10:00,130202,131447,130198,131084,9604400,131084
^BVSP,19/12/2023 10:00,131088,132047,131086,131851,9429700,131851
^BVSP,20/12/2023 10:00,131851,132341,130710,130804,10335800,130804
^BVSP,21/12/2023 10:00,130826,132277,130822,132182,8681000,132182
^BVSP,22/12/2023 10:00,132553,133035,132094,132753,8231100,132753
^BVSP,26/12/2023 10:00,132753,133645,132753,133533,0,133533
^BVSP,27/12/2023 10:00,133523,134195,133328,134194,6168200,134194
^BVSP,28/12/2023 10:00,134194,134392,133832,134185,7812700,134185
^BVSP,02/01/2024 10:00,134186,134195,132095,132697,8437800,132697
^BVSP,03/01/2024 10:00,132697,133576,132250,132834,8702400,132834
^BVSP,04/01/2024 10:00,132831,132885,131024,131226,8972300,131226
^BVSP,05/01/2024 10:00,131218,132635,130579,132023,9199700,132023
^BVSP,08/01/2024 10:00,132023,132498,131015,132427,8497500,132427
^BVSP,09/01/2024 10:00,132424,132426,131203,131447,9287500,131447
^BVSP,10/01/2024 10:00,131447,131628,130438,130841,8958400,130841
^BVSP,11/01/2024 10:00,130841,131308,129898,130649,9761700,130649
^BVSP,12/01/2024 10:00,130652,131927,130410,130988,10661900,130988
^BVSP,15/01/2024 10:00,130988,131606,130253,131521,5746600,131521
^BVSP,16/01/2024 10:00,131515,131517,129147,129294,11911300,129294
^BVSP,17/01/2024 10:00,129293,129296,128312,128524,9952500,128524
^BVSP,18/01/2024 10:00,128524,129047,127316,127316,12460800,127316
^BVSP,19/01/2024 10:00,127319,127820,126533,127636,11956900,127636
^BVSP,22/01/2024 10:00,127636,127843,125876,126602,9509100,126602
^BVSP,23/01/2024 10:00,126612,128331,126612,128263,9366100,128263
^BVSP,24/01/2024 10:00,128275,129446,127680,127816,8823800,127816
^BVSP,25/01/2024 10:00,127815,128697,127803,128169,8757600,128169
^BVSP,26/01/2024 10:00,128196,129252,127869,128967,8508000,128967
^BVSP,29/01/2024 10:00,128970,129068,127853,128503,8764500,128503
^BVSP,30/01/2024 10:00,128492,128492,127105,127402,10037400,127402
^BVSP,31/01/2024 10:00,127402,129558,127326,127752,12495200,127752
^BVSP,01/02/2024 10:00,127752,128481,127284,128481,10226400,128481
^BVSP,02/02/2024 10:00,128471,128878,126628,127182,10982800,127182
^BVSP,05/02/2024 10:00,127182,127834,126443,127593,9637200,127593
^BVSP,06/02/2024 10:00,127593,130417,127593,130416,13780300,130416
^BVSP,07/02/2024 10:00,130412,130552,129518,129608,15425400,129608
^BVSP,08/02/2024 10:00,129950,130126,127912,128217,13634900,128217
^BVSP,09/02/2024 10:00,128216,128896,127579,128026,12115800,128026
^BVSP,14/02/2024 13:00,128026,128026,126663,127018,7748300,127018
^BVSP,15/02/2024 10:00,127018,127824,126932,127804,10980100,127804
^BVSP,16/02/2024 10:00,127809,129069,127653,128726,10119100,128726
^BVSP,19/02/2024 10:00,128720,129036,128097,129036,5799100,129036
^BVSP,20/02/2024 10:00,129033,129916,128326,129916,12237000,129916
^BVSP,21/02/2024 10:00,129916,130034,129359,130032,12585700,130032
^BVSP,22/02/2024 10:00,130035,130829,129971,130241,10771700,130241
^BVSP,23/02/2024 10:00,130240,130624,129077,129419,9230300,129419
^BVSP,26/02/2024 10:00,129417,129978,129077,129609,7436900,129609
^BVSP,27/02/2024 10:00,129613,131696,129613,131689,10049000,131689
^BVSP,28/02/2024 10:00,131685,131685,129771,130155,9045600,130155
^BVSP,29/02/2024 10:00,130155,130155,128669,129020,12003100,129020
^BVSP,01/03/2024 10:00,129026,129716,128717,129180,9765100,129180
^BVSP,04/03/2024 10:00,129176,129307,128278,128341,7967700,128341
^BVSP,05/03/2024 10:00,128336,128989,127823,128098,9692200,128098
^BVSP,06/03/2024 10:00,128099,129323,128099,128890,11057900,128890
^BVSP,07/03/2024 10:00,128890,129188,128033,128340,7350000,128340
^BVSP,08/03/2024 10:00,128335,128338,125802,127071,11937900,127071
^BVSP,11/03/2024 10:00,127068,127068,126065,126124,8899100,126124
^BVSP,12/03/2024 10:00,126124,128039,126121,127668,9483700,127668
^BVSP,13/03/2024 10:00,127668,128530,127439,128006,8837200,128006
^BVSP,14/03/2024 10:00,127992,128256,127192,127690,9292600,127690
^BVSP,15/03/2024 10:00,127682,127957,126502,126742,14992400,126742
^BVSP,18/03/2024 10:00,126758,127540,126272,126954,10512100,126954
^BVSP,19/03/2024 10:00,126955,128000,126955,127529,11184800,127529
^BVSP,20/03/2024 10:00,127534,129210,127349,129125,10819300,129125
^BVSP,21/03/2024 10:00,129125,129556,128093,128159,9570800,128159
^BVSP,22/03/2024 10:00,128159,128159,126879,127027,9367800,127027
^BVSP,25/03/2024 10:00,127027,127224,126750,126931,8060500,126931
^BVSP,26/03/2024 10:00,126931,127193,126591,126863,9435700,126863
^BVSP,27/03/2024 10:00,126863,127756,126223,127691,9918200,127691
^BVSP,28/03/2024 10:00,127689,128364,127270,128106,9943400,128106
^BVSP,01/04/2024 10:00,128106,128659,126772,126990,9372600,126990
^BVSP,02/04/2024 10:00,126990,127654,126669,127549,9073600,127549
^BVSP,03/04/2024 10:00,127546,127694,126181,127318,11032700,127318
^BVSP,04/04/2024 10:00,127313,129627,127178,127428,13229200,127428
^BVSP,05/04/2024 10:00,127422,127432,126394,126795,9101300,126795
^BVSP,08/04/2024 10:00,126796,129178,126796,128857,8128300,128857
^BVSP,09/04/2024 10:00,128858,129956,128826,129890,8489700,129890
^BVSP,10/04/2024 10:00,129872,129872,127732,128054,10451800,128054
^BVSP,11/04/2024 10:00,128051,128051,127069,127396,8882900,127396
^BVSP,12/04/2024 10:00,127396,127640,125635,125946,10246600,125946
^BVSP,15/04/2024 10:00,125946,126250,125034,125334,13504500,125334
^BVSP,16/04/2024 10:00,125316,125316,123756,124389,14009800,124389
^BVSP,17/04/2024 10:00,124389,125301,123642,124171,11370900,124171
^BVSP,18/04/2024 10:00,124171,125140,123397,124196,10662400,124196
^BVSP,19/04/2024 10:00,124197,125509,124056,125124,13604100,125124
^BVSP,22/04/2024 10:00,125124,126081,124633,125573,10264100,125573
^BVSP,23/04/2024 10:00,125572,125826,124310,125148,11257800,125148
^BVSP,24/04/2024 10:00,125149,125473,124556,124741,10526300,124741
^BVSP,25/04/2024 10:00,124718,124732,123703,124646,10093100,124646
^BVSP,26/04/2024 10:00,124651,126826,124651,126526,8900000,126526
^BVSP,29/04/2024 10:00,126527,127352,126467,127352,8385100,127352
^BVSP,30/04/2024 10:00,127352,127352,125856,125924,10889600,125924
^BVSP,02/05/2024 10:00,125926,127670,125926,127122,11547800,127122
^BVSP,03/05/2024 10:00,127130,128787,127130,128509,12799200,128509
^BVSP,06/05/2024 10:00,128506,129181,128294,128466,8779100,128466
^BVSP,07/05/2024 10:00,128466,129745,128464,129210,10177500,129210
^BVSP,08/05/2024 10:00,129210,129564,128048,129481,9788900,129481
^BVSP,09/05/2024 10:00,129468,129468,127376,128188,13369000,128188
^BVSP,10/05/2024 10:00,128188,129022,127467,127600,12574200,127600
^BVSP,13/05/2024 10:00,127600,128669,127599,128155,8917300,128155
^BVSP,14/05/2024 10:00,128155,128965,127962,128515,11886800,128515
^BVSP,15/05/2024 10:00,128514,128646,127029,128028,10855600,128028
^BVSP,16/05/2024 10:00,128029,128965,127922,128284,9852200,128284
^BVSP,17/05/2024 10:00,128280,128464,127696,128151,10262600,128151
^BVSP,20/05/2024 10:00,128151,128730,127488,127751,9340300,127751
^BVSP,21/05/2024 10:00,127754,128272,127205,127412,9138500,127412
^BVSP,22/05/2024 10:00,127412,127412,125524,125650,12403500,125650
^BVSP,23/05/2024 10:00,125650,125665,124431,124729,9985400,124729
^BVSP,24/05/2024 10:00,124731,125257,124259,124306,9211500,124306
^BVSP,27/05/2024 10:00,124297,124535,124081,124496,4327600,124496
^BVSP,28/05/2024 10:00,124498,125392,123537,123780,9179800,123780
^BVSP,29/05/2024 10:00,123780,123780,122458,122707,8257700,122707
^BVSP,31/05/2024 10:00,122704,122837,121929,122098,15918600,122098
^BVSP,03/06/2024 10:00,122100,122495,121496,122032,8428100,122032
^BVSP,04/06/2024 10:00,122032,122032,120878,121802,8529300,121802
^BVSP,05/06/2024 10:00,121803,122170,121253,121407,8768700,121407
^BVSP,06/06/2024 10:00,121408,123246,121377,122899,8404200,122899
^BVSP,07/06/2024 10:00,122899,122899,120679,120767,9801200,120767
^BVSP,10/06/2024 10:00,120769,121421,120540,120760,6568400,120760
^BVSP,11/06/2024 10:00,120760,121759,120757,121635,7477000,121635
^BVSP,12/06/2024 10:00,121644,122483,119544,119936,11278800,119936
^BVSP,13/06/2024 10:00,119936,120222,119171,119568,8543000,119568
^BVSP,14/06/2024 10:00,119558,120214,118828,119662,7847600,119662
^BVSP,17/06/2024 10:00,119663,119663,118685,119138,7380600,119138
^BVSP,18/06/2024 10:00,119138,120109,118872,119630,8100100,119630
^BVSP,19/06/2024 10:00,119630,120383,118960,120261,5646300,120261
^BVSP,20/06/2024 10:00,120267,121607,120156,120446,8659500,120446
^BVSP,21/06/2024 10:00,120446,121580,120061,121341,12906900,121341
^BVSP,24/06/2024 10:00,121343,122840,121307,122637,7836100,122637
^BVSP,25/06/2024 10:00,122804,122849,121997,122331,6942900,122331
^BVSP,26/06/2024 10:00,122331,122701,121402,122641,8178800,122641
^BVSP,27/06/2024 10:00,122642,124308,122642,124308,8707300,124308
^BVSP,28/06/2024 10:00,124308,124500,123298,123907,9070800,123907
^BVSP,01/07/2024 10:00,123905,125220,123735,124718,0,124718
^BVSP,02/07/2024 10:00,124720,125491,124310,124787,8368000,124787
^BVSP,03/07/2024 10:00,124787,126581,124787,125662,8534200,125662
^BVSP,04/07/2024 10:00,125666,126660,125666,126164,6535700,126164
^BVSP,05/07/2024 10:00,126165,126662,125556,126267,8085600,126267
^BVSP,08/07/2024 10:00,126280,126551,125614,126548,7430300,126548
^BVSP,09/07/2024 10:00,126548,127295,125937,127108,6684600,127108
^BVSP,10/07/2024 10:00,127109,127769,126928,127218,8152600,127218
^BVSP,11/07/2024 10:00,127221,128326,127221,128294,7972900,128294
^BVSP,12/07/2024 10:00,128293,129015,128002,128897,7206600,128897
^BVSP,15/07/2024 10:00,128898,129485,128723,129321,5826900,129321
^BVSP,16/07/2024 10:00,129322,129521,128761,129110,6818900,129110
^BVSP,17/07/2024 10:00,129112,129658,128741,129450,6672400,129450
^BVSP,18/07/2024 10:00,129450,129454,127523,127652,7591500,127652
^BVSP,19/07/2024 10:00,127652,128360,127413,127616,7620400,127616
^BVSP,22/07/2024 10:00,127616,128151,127456,127860,6098200,127860
^BVSP,23/07/2024 10:00,127860,127860,126530,126590,7022900,126590
^BVSP,24/07/2024 10:00,126596,126823,126218,126423,7304800,126423
^BVSP,25/07/2024 10:00,126423,126423,125626,125954,7134100,125954
^BVSP,26/07/2024 10:00,125964,127700,125953,127492,8272000,127492
^BVSP,29/07/2024 10:00,127492,127657,126606,126954,7075400,126954
^BVSP,30/07/2024 10:00,126951,126951,125973,126139,6848600,126139
^BVSP,31/07/2024 10:00,126139,127853,126139,127652,9471900,127652
^BVSP,01/08/2024 10:00,127652,128762,127150,127395,9814200,127395
^BVSP,02/08/2024 10:00,127395,128104,125731,125854,9950900,125854
^BVSP,05/08/2024 10:00,125851,125851,123073,125270,10886100,125270
^BVSP,06/08/2024 10:00,125270,126966,125261,126267,10052600,126267
^BVSP,07/08/2024 10:00,126268,127517,126268,127514,8837900,127514
^BVSP,08/08/2024 10:00,127515,128793,127515,128661,8624000,128661
^BVSP,09/08/2024 10:00,128662,130631,128662,130615,11324800,130615
^BVSP,12/08/2024 10:00,130615,131662,130615,131116,8601600,131116
^BVSP,13/08/2024 10:00,131115,132430,131115,132398,9798900,132398
^BVSP,14/08/2024 10:00,132398,133777,132112,133318,12158400,133318
^BVSP,15/08/2024 10:00,133319,134575,133319,134153,10534800,134153
^BVSP,16/08/2024 10:00,134154,134781,133852,133953,10871900,133953
^BVSP,19/08/2024 10:00,133953,136179,133953,135778,11281500,135778
^BVSP,20/08/2024 10:00,135779,136330,135312,136087,8106800,136087
^BVSP,21/08/2024 10:00,136088,137040,136086,136464,9572200,136464
^BVSP,22/08/2024 10:00,136462,136462,134836,135173,8050200,135173
^BVSP,23/08/2024 10:00,135174,136478,135174,135608,8649400,135608
^BVSP,26/08/2024 10:00,135608,137013,135596,136889,7560000,136889
^BVSP,27/08/2024 10:00,136888,137213,136664,136776,6745900,136776
^BVSP,28/08/2024 10:00,136776,137469,135746,137344,7457100,137344
^BVSP,29/08/2024 10:00,137349,137370,135858,136041,8385100,136041
^BVSP,30/08/2024 10:00,136041,136139,134910,136004,18397900,136004
^BVSP,02/09/2024 10:00,136004,136004,134497,134981,3666100,134981
^BVSP,03/09/2024 10:00,134907,135011,134171,134353,8802400,134353
^BVSP,04/09/2024 10:00,134359,136838,134359,136111,9419500,136111
^BVSP,05/09/2024 10:00,136112,136656,135959,136502,7528700,136502
^BVSP,06/09/2024 10:00,136508,136653,134476,134572,7563300,134572
^BVSP,09/09/2024 10:00,134574,135250,134399,134737,6587600,134737
^BVSP,10/09/2024 10:00,134738,134738,133754,134320,8253500,134320
^BVSP,11/09/2024 10:00,134319,135087,133757,134677,7947300,134677
^BVSP,12/09/2024 10:00,134677,134777,133591,134029,7004900,134029
^BVSP,13/09/2024 10:00,134031,135879,134031,134882,8866000,134882
^BVSP,16/09/2024 10:00,134885,135715,134870,135118,6707000,135118
^BVSP,17/09/2024 10:00,135118,135118,134180,134960,7314500,134960
^BVSP,18/09/2024 10:00,134960,135203,133748,133748,9792800,133748
^BVSP,19/09/2024 10:00,133748,134759,133123,133123,9254500,133123
^BVSP,20/09/2024 10:00,133121,133128,130907,131065,13605800,131065
^BVSP,23/09/2024 10:00,131065,131065,130100,130568,9140800,130568
^BVSP,24/09/2024 10:00,130570,133073,130570,132156,9367100,132156
^BVSP,25/09/2024 10:00,132156,132982,131489,131586,10527200,131586
^BVSP,26/09/2024 10:00,131595,133313,131594,133010,11618300,133010
^BVSP,27/09/2024 10:00,133010,133923,132628,132730,9338900,132730
^BVSP,30/09/2024 10:00,132761,133120,131816,131816,9131600,131816
^BVSP,01/10/2024 10:00,131817,133405,131817,132495,9841100,132495
^BVSP,02/10/2024 10:00,132495,134922,132495,133515,9398700,133515
^BVSP,03/10/2024 10:00,133514,133514,131176,131672,9821200,131672
^BVSP,04/10/2024 10:00,131672,131936,131156,131792,7054700,131792
^BVSP,07/10/2024 10:00,131792,132943,131676,132018,7702100,132018
^BVSP,08/10/2024 10:00,132016,132016,130371,131512,9093200,131512
^BVSP,09/10/2024 10:00,131510,131520,129719,129962,9220400,129962
^BVSP,10/10/2024 10:00,129963,130418,129835,130353,7617300,130353
^BVSP,11/10/2024 10:00,130354,130354,129338,129992,7973300,129992
^BVSP,14/10/2024 10:00,129992,131220,129729,131005,8502100,131005
^BVSP,15/10/2024 10:00,131005,131457,130200,131043,7982900,131043
^BVSP,16/10/2024 10:00,131045,132233,130780,131750,10282800,131750
^BVSP,17/10/2024 10:00,131716,131716,129902,130793,7086000,130793
^BVSP,18/10/2024 10:00,130793,131725,130121,130499,8683700,130499
^BVSP,21/10/2024 10:00,130499,131124,130157,130362,7774900,130362
^BVSP,22/10/2024 10:00,130346,130346,129094,129721,5522000,129721
^BVSP,23/10/2024 10:00,129949,129949,128589,129233,7962200,129233
^BVSP,24/10/2024 10:00,129233,130130,128798,130067,8310600,130067
^BVSP,25/10/2024 10:00,130067,130529,129806,129893,8513300,129893
^BVSP,28/10/2024 10:00,129894,131421,129894,131213,7135300,131213
^BVSP,29/10/2024 10:00,131214,131765,130693,130730,7636400,130730
^BVSP,30/10/2024 10:00,130730,131027,130473,130639,7327100,130639
^BVSP,31/10/2024 10:00,130639,130798,129642,129713,9068100,129713
^BVSP,01/11/2024 10:00,129718,129902,128070,128121,9897900,128121
^BVSP,04/11/2024 10:00,128130,130609,128128,130515,9013500,130515
^BVSP,05/11/2024 10:00,130515,130769,129692,130661,8556100,130661
^BVSP,06/11/2024 10:00,130613,130670,128822,130341,10540900,130341
^BVSP,07/11/2024 10:00,130341,131319,129406,129682,10520800,129682
^BVSP,08/11/2024 10:00,129647,129647,126973,127830,13183200,127830
^BVSP,11/11/2024 10:00,127829,128095,127306,127874,8395300,127874
^BVSP,12/11/2024 10:00,127873,128210,127411,127698,9522100,127698
^BVSP,13/11/2024 10:00,127698,128100,126869,127734,12692800,127734
^BVSP,14/11/2024 10:00,127734,128423,127389,127792,13138300,127792
^BVSP,18/11/2024 10:00,127791,128277,127226,127768,10742000,127768
^BVSP,19/11/2024 10:00,127768,128579,127235,128197,9103600,128197
^BVSP,21/11/2024 10:00,128197,128197,126594,126922,10271900,126922
^BVSP,22/11/2024 10:00,126944,129126,126944,129126,9186200,129126
^BVSP,25/11/2024 10:00,129125,129495,128932,129036,14411200,129036
^BVSP,26/11/2024 10:00,129043,130361,129042,129922,9745200,129922
^BVSP,27/11/2024 10:00,129923,130283,127669,127669,12318800,127669
^BVSP,28/11/2024 10:00,127667,127668,124390,124610,12833100,124610
^BVSP,29/11/2024 10:00,124611,126056,123946,125668,16398000,125668
^BVSP,02/12/2024 10:00,125668,125901,124734,125236,11517200,125236
^BVSP,03/12/2024 10:00,125235,126417,125233,126139,9990000,126139
^BVSP,04/12/2024 10:00,126139,126720,125828,126087,9388600,126087
^BVSP,05/12/2024 10:00,126088,127989,126087,127858,9530800,127858
^BVSP,06/12/2024 10:00,127856,127872,125833,125946,11223300,125946
^BVSP,09/12/2024 10:00,125946,127542,125946,127210,9367300,127210
^BVSP,10/12/2024 10:00,127213,128511,127213,128228,9141300,128228
^BVSP,11/12/2024 10:00,128228,130899,127362,129593,13170900,129593
^BVSP,12/12/2024 10:00,129587,129587,125829,126042,13453200,126042
^BVSP,13/12/2024 10:00,126102,126290,124578,124612,11762700,124612
^BVSP,16/12/2024 10:00,124610,124956,123495,123560,11071100,123560
^BVSP,17/12/2024 10:00,123560,125301,123560,124698,17561100,124698
^BVSP,18/12/2024 10:00,124699,124699,120457,120772,19742800,120772
^BVSP,19/12/2024 10:00,120768,121770,120768,121188,13682900,121188
^BVSP,20/12/2024 10:00,121183,122209,120700,122102,18128200,122102
^BVSP,23/12/2024 10:00,122105,122105,120617,120767,9953300,120767
^BVSP,26/12/2024 10:00,120767,121612,120428,121078,8338500,121078
^BVSP,27/12/2024 10:00,121078,121609,120252,120269,8937000,120269
^BVSP,30/12/2024 10:00,120267,121050,120158,120283,8895300,120283
^BVSP,02/01/2025 10:00,120283,120782,119120,120125,9373600,120125
^BVSP,03/01/2025 10:00,120125,120356,118404,118533,9804400,118533
^BVSP,06/01/2025 10:00,118534,120322,118534,120022,9685600,120022
^BVSP,07/01/2025 10:00,120022,121713,120022,121163,11116400,121163
^BVSP,08/01/2025 10:00,121160,121160,119351,119625,10230700,119625
^BVSP,09/01/2025 10:00,119625,120145,119502,119781,6611500,119781
^BVSP,10/01/2025 10:00,119781,120052,118732,118856,9255500,118856
^BVSP,13/01/2025 10:00,118856,119729,118743,119007,8161500,119007
^BVSP,14/01/2025 10:00,119007,119451,118223,119299,9349300,119299
^BVSP,15/01/2025 10:00,119309,122988,119303,122650,11928800,122650
^BVSP,16/01/2025 10:00,122649,122660,120796,121234,11312100,121234
^BVSP,17/01/2025 10:00,121258,122674,121074,122350,10242300,122350
^BVSP,20/01/2025 10:00,122349,123098,121511,122543,4185300,122543
^BVSP,21/01/2025 10:00,122850,123462,122290,123338,7819600,123338
^BVSP,22/01/2025 10:00,123345,123865,122926,122972,9975100,122972
^BVSP,23/01/2025 10:00,122965,123958,122159,122483,9491400,122483
^BVSP,24/01/2025 10:00,122483,122908,122196,122447,7777800,122447
^BVSP,27/01/2025 10:00,122443,124862,122207,124862,11021500,124862
^BVSP,28/01/2025 10:00,124861,124881,123973,124056,8313500,124056
^BVSP,29/01/2025 10:00,124056,124767,123278,123432,7348500,123432
^BVSP,30/01/2025 10:00,123433,127169,123432,126913,11688100,126913
^BVSP,31/01/2025 10:00,126914,127532,126057,126135,10242600,126135
^BVSP,03/02/2025 10:00,126135,126473,125566,125970,9548900,125970
^BVSP,04/02/2025 10:00,125964,125964,124694,125147,9784500,125147
^BVSP,05/02/2025 10:00,125146,125846,124637,125534,9957400,125534
^BVSP,06/02/2025 10:00,125531,126399,125249,126225,10028600,126225
^BVSP,07/02/2025 10:00,126219,126524,124320,124619,10952400,124619
^BVSP,10/02/2025 10:00,124619,126386,124619,125572,8908600,125572
^BVSP,11/02/2025 10:00,125571,126886,125570,126522,11242800,126522
^BVSP,12/02/2025 10:00,126513,126513,124116,124380,14625100,124380
^BVSP,13/02/2025 10:00,124372,124853,123778,124850,9048100,124850
^BVSP,14/02/2025 10:00,124849,128482,124849,128219,12560100,128219
^BVSP,17/02/2025 10:00,128229,129534,128229,128869,7032800,128869
^BVSP,18/02/2025 10:00,128553,129294,128012,128532,10994100,128532
^BVSP,19/02/2025 10:00,128528,128528,127028,127309,9295100,127309
^BVSP,20/02/2025 10:00,127309,127871,127063,127601,10640300,127601
^BVSP,21/02/2025 10:00,127601,127654,126483,127128,11093300,127128
^BVSP,24/02/2025 10:00,127129,127275,125162,125401,10148900,125401
^BVSP,25/02/2025 10:00,125401,126718,125382,125980,11078000,125980
^BVSP,26/02/2025 10:00,125980,126563,124732,124769,11361800,124769
^BVSP,27/02/2025 10:00,124768,125497,124352,124799,12554000,124799
^BVSP,28/02/2025 10:00,124798,124916,122659,122799,24873800,122799
^BVSP,05/03/2025 13:00,122799,123364,122747,123047,9604100,123047
^BVSP,06/03/2025 10:00,123048,124112,122681,123358,10060600,123358
^BVSP,07/03/2025 10:00,123357,125822,122530,125035,9975600,125035
^BVSP,10/03/2025 10:00,125031,125031,123471,124519,9370800,124519
^BVSP,11/03/2025 10:00,124519,124625,122636,123507,8810400,123507
^BVSP,12/03/2025 10:00,123507,124048,122969,123864,8254800,123864
^BVSP,13/03/2025 10:00,123863,125774,123590,125637,11259000,125637
^BVSP,14/03/2025 10:00,125647,129194,125647,128957,14572600,128957
^BVSP,17/03/2025 10:00,128959,131313,128957,130834,11063200,130834
^BVSP,18/03/2025 10:00,130832,131834,130722,131475,10992400,131475
^BVSP,19/03/2025 10:00,131476,132984,131451,132508,12204900,132508
^BVSP,20/03/2025 10:00,132505,132713,131813,131955,14187500,131955
^BVSP,21/03/2025 10:00,132005,132588,131776,132345,14192000,132345
^BVSP,24/03/2025 10:00,132344,132424,130992,131321,8301200,131321
^BVSP,25/03/2025 10:00,131327,133471,131325,132068,9237600,132068
^BVSP,26/03/2025 10:00,132069,132984,132068,132520,9404600,132520
^BVSP,27/03/2025 10:00,132522,133904,132479,133149,10016200,133149
^BVSP,28/03/2025 10:00,133143,133143,131315,131902,8905500,131902
^BVSP,31/03/2025 10:00,131900,131901,130115,130260,9994900,130260
^BVSP,01/04/2025 10:00,130267,131982,130081,131147,8966100,131147
^BVSP,02/04/2025 10:00,131151,131424,130393,131190,8819500,131190
^BVSP,03/04/2025 10:00,131185,132552,130182,131141,12327500,131141
^BVSP,04/04/2025 10:00,131139,131139,126466,127256,13176400,127256
^BVSP,07/04/2025 10:00,127229,128411,123876,125588,14045900,125588
^BVSP,08/04/2025 10:00,125588,127652,123454,123932,12814700,123932
^BVSP,09/04/2025 10:00,123928,128649,122887,127796,16919800,127796
^BVSP,10/04/2025 10:00,127796,127797,124895,126355,11456300,126355
^BVSP,11/04/2025 10:00,126355,128386,126078,127682,10084200,127682
^BVSP,14/04/2025 10:00,127683,129955,127683,129454,10608700,129454
^BVSP,15/04/2025 10:00,129452,129927,128951,129245,8837800,129245
^BVSP,16/04/2025 10:00,129245,129605,128149,128317,11540200,128317
^BVSP,17/04/2025 10:00,128316,130091,127973,129650,9983400,129650
^BVSP,22/04/2025 10:00,129650,130877,128726,130464,8605300,130464
^BVSP,23/04/2025 10:00,130468,133318,130468,132216,11342700,132216
^BVSP,24/04/2025 10:00,132245,134938,132223,134580,14113400,134580
^BVSP,25/04/2025 10:00,134579,134992,134186,134739,13051800,134739
^BVSP,28/04/2025 10:00,134741,135709,134711,135016,11449700,135016
^BVSP,29/04/2025 10:00,135017,136150,134899,135093,12761100,135093
^BVSP,30/04/2025 10:00,135094,135171,133955,135067,15452400,135067
^BVSP,02/05/2025 10:00,135067,135275,134355,135134,12739100,135134
^BVSP,05/05/2025 10:00,135131,135198,133390,133491,10796300,133491
^BVSP,06/05/2025 10:00,133499,134135,133260,133516,11139700,133516
^BVSP,07/05/2025 10:00,133517,134110,132872,133398,9938200,133398
^BVSP,08/05/2025 10:00,133458,137635,133458,136232,17202900,136232
^BVSP,09/05/2025 10:00,136232,137286,136105,136512,13881800,136512
^BVSP,12/05/2025 10:00,136516,137519,136356,136563,10915800,136563
^BVSP,13/05/2025 10:00,136565,139419,136550,138963,13071200,138963
^BVSP,14/05/2025 10:00,138965,139362,138228,138423,11155300,138423
^BVSP,15/05/2025 10:00,138425,139408,138321,139334,11500800,139334
^BVSP,16/05/2025 10:00,139335,139335,137713,139187,12106000,139187
^BVSP,19/05/2025 10:00,139186,140203,138587,139636,9590600,139636
